filename,label,price,manufacturer,calories
DairyMilk001.jpg,DairyMilk,230,Cadbury,290
DairyMilk002.jpg,DairyMilk,230,Cadbury,290
DairyMilk003.jpg,DairyMilk,230,Cadbury,290
DairyMilk004.jpg,DairyMilk,230,Cadbury,290
DairyMilk005.jpg,DairyMilk,230,Cadbury,290
DairyMilk006.jpg,DairyMilk,230,Cadbury,290
DairyMilk007.jpg,DairyMilk,230,Cadbury,290
DairyMilk008.jpg,DairyMilk,230,Cadbury,290
DairyMilk009.jpg,DairyMilk,230,Cadbury,290
DairyMilk010.jpg,DairyMilk,230,Cadbury,290
DairyMilk011.jpg,DairyMilk,230,Cadbury,290
DairyMilk012.jpg,DairyMilk,230,Cadbury,290
DairyMilk013.jpg,DairyMilk,230,Cadbury,290
DairyMilk014.jpg,DairyMilk,230,Cadbury,290
DairyMilk015.jpg,DairyMilk,230,Cadbury,290
DairyMilk016.jpg,DairyMilk,230,Cadbury,290
DairyMilk017.jpg,DairyMilk,230,Cadbury,290
DairyMilk018.jpg,DairyMilk,230,Cadbury,290
DairyMilk019.jpg,DairyMilk,230,Cadbury,290
DairyMilk020.jpg,DairyMilk,230,Cadbury,290
DairyMilk021.jpg,DairyMilk,230,Cadbury,290
DairyMilk022.jpg,DairyMilk,230,Cadbury,290
DairyMilk023.jpg,DairyMilk,230,Cadbury,290
DairyMilk024.jpg,DairyMilk,230,Cadbury,290
DairyMilk025.jpg,DairyMilk,230,Cadbury,290
DairyMilk026.jpg,DairyMilk,230,Cadbury,290
DairyMilk027.jpg,DairyMilk,230,Cadbury,290
DairyMilk028.jpg,DairyMilk,230,Cadbury,290
DairyMilk029.jpg,DairyMilk,230,Cadbury,290
DairyMilk030.jpg,DairyMilk,230,Cadbury,290
DairyMilk031.jpg,DairyMilk,230,Cadbury,290
DairyMilk032.jpg,DairyMilk,230,Cadbury,290
DairyMilk033.jpg,DairyMilk,230,Cadbury,290
DairyMilk034.jpg,DairyMilk,230,Cadbury,290
DairyMilk035.jpg,DairyMilk,230,Cadbury,290
DairyMilk036.jpg,DairyMilk,230,Cadbury,290
DairyMilk037.jpg,DairyMilk,230,Cadbury,290
DairyMilk038.jpg,DairyMilk,230,Cadbury,290
DairyMilk039.jpg,DairyMilk,230,Cadbury,290
DairyMilk040.jpg,DairyMilk,230,Cadbury,290
DairyMilk041.jpg,DairyMilk,230,Cadbury,290
DairyMilk042.jpg,DairyMilk,230,Cadbury,290
DairyMilk043.jpg,DairyMilk,230,Cadbury,290
DairyMilk044.jpg,DairyMilk,230,Cadbury,290
DairyMilk045.jpg,DairyMilk,230,Cadbury,290
DairyMilk046.jpg,DairyMilk,230,Cadbury,290
DairyMilk047.jpg,DairyMilk,230,Cadbury,290
DairyMilk048.jpg,DairyMilk,230,Cadbury,290
DairyMilk049.jpg,DairyMilk,230,Cadbury,290
DairyMilk050.jpg,DairyMilk,230,Cadbury,290
DairyMilk051.jpg,DairyMilk,230,Cadbury,290
DairyMilk052.jpg,DairyMilk,230,Cadbury,290
DairyMilk053.jpg,DairyMilk,230,Cadbury,290
DairyMilk054.jpg,DairyMilk,230,Cadbury,290
DairyMilk055.jpg,DairyMilk,230,Cadbury,290
DairyMilk056.jpg,DairyMilk,230,Cadbury,290
DairyMilk057.jpg,DairyMilk,230,Cadbury,290
DairyMilk058.jpg,DairyMilk,230,Cadbury,290
DairyMilk059.jpg,DairyMilk,230,Cadbury,290
DairyMilk060.jpg,DairyMilk,230,Cadbury,290
DairyMilk061.jpg,DairyMilk,230,Cadbury,290
DairyMilk062.jpg,DairyMilk,230,Cadbury,290
DairyMilk063.jpg,DairyMilk,230,Cadbury,290
DairyMilk064.jpg,DairyMilk,230,Cadbury,290
DairyMilk065.jpg,DairyMilk,230,Cadbury,290
DairyMilk066.jpg,DairyMilk,230,Cadbury,290
DairyMilk067.jpg,DairyMilk,230,Cadbury,290
DairyMilk068.jpg,DairyMilk,230,Cadbury,290
DairyMilk069.jpg,DairyMilk,230,Cadbury,290
DairyMilk070.jpg,DairyMilk,230,Cadbury,290
DairyMilk071.jpg,DairyMilk,230,Cadbury,290
DairyMilk072.jpg,DairyMilk,230,Cadbury,290
DairyMilk073.jpg,DairyMilk,230,Cadbury,290
DairyMilk074.jpg,DairyMilk,230,Cadbury,290
DairyMilk075.jpg,DairyMilk,230,Cadbury,290
DairyMilk076.jpg,DairyMilk,230,Cadbury,290
DairyMilk077.jpg,DairyMilk,230,Cadbury,290
DairyMilk078.jpg,DairyMilk,230,Cadbury,290
DairyMilk079.jpg,DairyMilk,230,Cadbury,290
DairyMilk080.jpg,DairyMilk,230,Cadbury,290
DairyMilk081.jpg,DairyMilk,230,Cadbury,290
DairyMilk082.jpg,DairyMilk,230,Cadbury,290
DairyMilk083.jpg,DairyMilk,230,Cadbury,290
DairyMilk084.jpg,DairyMilk,230,Cadbury,290
DairyMilk085.jpg,DairyMilk,230,Cadbury,290
DairyMilk086.jpg,DairyMilk,230,Cadbury,290
DairyMilk087.jpg,DairyMilk,230,Cadbury,290
DairyMilk088.jpg,DairyMilk,230,Cadbury,290
DairyMilk089.jpg,DairyMilk,230,Cadbury,290
DairyMilk090.jpg,DairyMilk,230,Cadbury,290
DairyMilk091.jpg,DairyMilk,230,Cadbury,290
DairyMilk092.jpg,DairyMilk,230,Cadbury,290
DairyMilk093.jpg,DairyMilk,230,Cadbury,290
DairyMilk094.jpg,DairyMilk,230,Cadbury,290
DairyMilk095.jpg,DairyMilk,230,Cadbury,290
DairyMilk096.jpg,DairyMilk,230,Cadbury,290
DairyMilk097.jpg,DairyMilk,230,Cadbury,290
DairyMilk098.jpg,DairyMilk,230,Cadbury,290
DairyMilk099.jpg,DairyMilk,230,Cadbury,290
DairyMilk100.jpg,DairyMilk,230,Cadbury,290
DairyMilk101.jpg,DairyMilk,230,Cadbury,290
DairyMilk102.jpg,DairyMilk,230,Cadbury,290
DairyMilk103.jpg,DairyMilk,230,Cadbury,290
DairyMilk104.jpg,DairyMilk,230,Cadbury,290
DairyMilk105.jpg,DairyMilk,230,Cadbury,290
DairyMilk106.jpg,DairyMilk,230,Cadbury,290
DairyMilk107.jpg,DairyMilk,230,Cadbury,290
DairyMilk108.jpg,DairyMilk,230,Cadbury,290
DairyMilk109.jpg,DairyMilk,230,Cadbury,290
DairyMilk110.jpg,DairyMilk,230,Cadbury,290
DairyMilk111.jpg,DairyMilk,230,Cadbury,290
DairyMilk112.jpg,DairyMilk,230,Cadbury,290
DairyMilk113.jpg,DairyMilk,230,Cadbury,290
DairyMilk114.jpg,DairyMilk,230,Cadbury,290
DairyMilk115.jpg,DairyMilk,230,Cadbury,290
DairyMilk116.jpg,DairyMilk,230,Cadbury,290
DairyMilk117.jpg,DairyMilk,230,Cadbury,290
DairyMilk118.jpg,DairyMilk,230,Cadbury,290
DairyMilk119.jpg,DairyMilk,230,Cadbury,290
DairyMilk120.jpg,DairyMilk,230,Cadbury,290
DairyMilk121.jpg,DairyMilk,230,Cadbury,290
DairyMilk122.jpg,DairyMilk,230,Cadbury,290
DairyMilk123.jpg,DairyMilk,230,Cadbury,290
DairyMilk124.jpg,DairyMilk,230,Cadbury,290
DairyMilk125.jpg,DairyMilk,230,Cadbury,290
DairyMilk126.jpg,DairyMilk,230,Cadbury,290
DairyMilk127.jpg,DairyMilk,230,Cadbury,290
DairyMilk128.jpg,DairyMilk,230,Cadbury,290
DairyMilk129.jpg,DairyMilk,230,Cadbury,290
DairyMilk130.jpg,DairyMilk,230,Cadbury,290
DairyMilk131.jpg,DairyMilk,230,Cadbury,290
DairyMilk132.jpg,DairyMilk,230,Cadbury,290
DairyMilk133.jpg,DairyMilk,230,Cadbury,290
DairyMilk134.jpg,DairyMilk,230,Cadbury,290
DairyMilk135.jpg,DairyMilk,230,Cadbury,290
DairyMilk136.jpg,DairyMilk,230,Cadbury,290
DairyMilk137.jpg,DairyMilk,230,Cadbury,290
DairyMilk138.jpg,DairyMilk,230,Cadbury,290
DairyMilk139.jpg,DairyMilk,230,Cadbury,290
DairyMilk140.jpg,DairyMilk,230,Cadbury,290
DairyMilk141.jpg,DairyMilk,230,Cadbury,290
DairyMilk142.jpg,DairyMilk,230,Cadbury,290
DairyMilk143.jpg,DairyMilk,230,Cadbury,290
DairyMilk144.jpg,DairyMilk,230,Cadbury,290
DairyMilk145.jpg,DairyMilk,230,Cadbury,290
DairyMilk146.jpg,DairyMilk,230,Cadbury,290
DairyMilk147.jpg,DairyMilk,230,Cadbury,290
DairyMilk148.jpg,DairyMilk,230,Cadbury,290
DairyMilk149.jpg,DairyMilk,230,Cadbury,290
DairyMilk150.jpg,DairyMilk,230,Cadbury,290
DairyMilk151.jpg,DairyMilk,230,Cadbury,290
DairyMilk152.jpg,DairyMilk,230,Cadbury,290
DairyMilk153.jpg,DairyMilk,230,Cadbury,290
DairyMilk154.jpg,DairyMilk,230,Cadbury,290
DairyMilk155.jpg,DairyMilk,230,Cadbury,290
DairyMilk156.jpg,DairyMilk,230,Cadbury,290
DairyMilk157.jpg,DairyMilk,230,Cadbury,290
DairyMilk158.jpg,DairyMilk,230,Cadbury,290
DairyMilk159.jpg,DairyMilk,230,Cadbury,290
DairyMilk160.jpg,DairyMilk,230,Cadbury,290
DairyMilk161.jpg,DairyMilk,230,Cadbury,290
DairyMilk162.jpg,DairyMilk,230,Cadbury,290
DairyMilk163.jpg,DairyMilk,230,Cadbury,290
DairyMilk164.jpg,DairyMilk,230,Cadbury,290
DairyMilk165.jpg,DairyMilk,230,Cadbury,290
DairyMilk166.jpg,DairyMilk,230,Cadbury,290
DairyMilk167.jpg,DairyMilk,230,Cadbury,290
DairyMilk168.jpg,DairyMilk,230,Cadbury,290
DairyMilk169.jpg,DairyMilk,230,Cadbury,290
DairyMilk170.jpg,DairyMilk,230,Cadbury,290
DairyMilk171.jpg,DairyMilk,230,Cadbury,290
DairyMilk172.jpg,DairyMilk,230,Cadbury,290
DairyMilk173.jpg,DairyMilk,230,Cadbury,290
DairyMilk174.jpg,DairyMilk,230,Cadbury,290
DairyMilk175.jpg,DairyMilk,230,Cadbury,290
DairyMilk176.jpg,DairyMilk,230,Cadbury,290
DairyMilk177.jpg,DairyMilk,230,Cadbury,290
DairyMilk178.jpg,DairyMilk,230,Cadbury,290
DairyMilk179.jpg,DairyMilk,230,Cadbury,290
DairyMilk180.jpg,DairyMilk,230,Cadbury,290
DairyMilk181.jpg,DairyMilk,230,Cadbury,290
DairyMilk182.jpg,DairyMilk,230,Cadbury,290
DairyMilk183.jpg,DairyMilk,230,Cadbury,290
DairyMilk184.jpg,DairyMilk,230,Cadbury,290
DairyMilk185.jpg,DairyMilk,230,Cadbury,290
DairyMilk186.jpg,DairyMilk,230,Cadbury,290
DairyMilk187.jpg,DairyMilk,230,Cadbury,290
DairyMilk188.jpg,DairyMilk,230,Cadbury,290
DairyMilk189.jpg,DairyMilk,230,Cadbury,290
DairyMilk190.jpg,DairyMilk,230,Cadbury,290
DairyMilk191.jpg,DairyMilk,230,Cadbury,290
DairyMilk192.jpg,DairyMilk,230,Cadbury,290
DairyMilk193.jpg,DairyMilk,230,Cadbury,290
DairyMilk194.jpg,DairyMilk,230,Cadbury,290
DairyMilk195.jpg,DairyMilk,230,Cadbury,290
DairyMilk196.jpg,DairyMilk,230,Cadbury,290
DairyMilk197.jpg,DairyMilk,230,Cadbury,290
DairyMilk198.jpg,DairyMilk,230,Cadbury,290
DairyMilk199.jpg,DairyMilk,230,Cadbury,290
DairyMilk200.jpg,DairyMilk,230,Cadbury,290
GreenBerryBar001.jpg,GreenBerryBar,60,Green Foods Ltd,220
GreenBerryBar002.jpg,GreenBerryBar,60,Green Foods Ltd,220
GreenBerryBar003.jpg,GreenBerryBar,60,Green Foods Ltd,220
GreenBerryBar004.jpg,GreenBerryBar,60,Green Foods Ltd,220
GreenBerryBar005.jpg,GreenBerryBar,60,Green Foods Ltd,220
GreenBerryBar006.jpg,GreenBerryBar,60,Green Foods Ltd,220
GreenBerryBar007.jpg,GreenBerryBar,60,Green Foods Ltd,220
GreenBerryBar008.jpg,GreenBerryBar,60,Green Foods Ltd,220
GreenBerryBar009.jpg,GreenBerryBar,60,Green Foods Ltd,220
GreenBerryBar010.jpg,GreenBerryBar,60,Green Foods Ltd,220
GreenBerryBar011.jpg,GreenBerryBar,60,Green Foods Ltd,220
GreenBerryBar012.jpg,GreenBerryBar,60,Green Foods Ltd,220
GreenBerryBar013.jpg,GreenBerryBar,60,Green Foods Ltd,220
GreenBerryBar014.jpg,GreenBerryBar,60,Green Foods Ltd,220
GreenBerryBar015.jpg,GreenBerryBar,60,Green Foods Ltd,220
GreenBerryBar016.jpg,GreenBerryBar,60,Green Foods Ltd,220
GreenBerryBar017.jpg,GreenBerryBar,60,Green Foods Ltd,220
GreenBerryBar018.jpg,GreenBerryBar,60,Green Foods Ltd,220
GreenBerryBar019.jpg,GreenBerryBar,60,Green Foods Ltd,220
GreenBerryBar020.jpg,GreenBerryBar,60,Green Foods Ltd,220
GreenBerryBar021.jpg,GreenBerryBar,60,Green Foods Ltd,220
GreenBerryBar022.jpg,GreenBerryBar,60,Green Foods Ltd,220
GreenBerryBar023.jpg,GreenBerryBar,60,Green Foods Ltd,220
GreenBerryBar024.jpg,GreenBerryBar,60,Green Foods Ltd,220
GreenBerryBar025.jpg,GreenBerryBar,60,Green Foods Ltd,220
GreenBerryBar026.jpg,GreenBerryBar,60,Green Foods Ltd,220
GreenBerryBar027.jpg,GreenBerryBar,60,Green Foods Ltd,220
GreenBerryBar028.jpg,GreenBerryBar,60,Green Foods Ltd,220
GreenBerryBar029.jpg,GreenBerryBar,60,Green Foods Ltd,220
GreenBerryBar030.jpg,GreenBerryBar,60,Green Foods Ltd,220
GreenBerryBar031.jpg,GreenBerryBar,60,Green Foods Ltd,220
GreenBerryBar032.jpg,GreenBerryBar,60,Green Foods Ltd,220
GreenBerryBar033.jpg,GreenBerryBar,60,Green Foods Ltd,220
GreenBerryBar034.jpg,GreenBerryBar,60,Green Foods Ltd,220
GreenBerryBar035.jpg,GreenBerryBar,60,Green Foods Ltd,220
GreenBerryBar036.jpg,GreenBerryBar,60,Green Foods Ltd,220
GreenBerryBar037.jpg,GreenBerryBar,60,Green Foods Ltd,220
GreenBerryBar038.jpg,GreenBerryBar,60,Green Foods Ltd,220
GreenBerryBar039.jpg,GreenBerryBar,60,Green Foods Ltd,220
GreenBerryBar040.jpg,GreenBerryBar,60,Green Foods Ltd,220
GreenBerryBar041.jpg,GreenBerryBar,60,Green Foods Ltd,220
GreenBerryBar042.jpg,GreenBerryBar,60,Green Foods Ltd,220
GreenBerryBar043.jpg,GreenBerryBar,60,Green Foods Ltd,220
GreenBerryBar044.jpg,GreenBerryBar,60,Green Foods Ltd,220
GreenBerryBar045.jpg,GreenBerryBar,60,Green Foods Ltd,220
GreenBerryBar046.jpg,GreenBerryBar,60,Green Foods Ltd,220
GreenBerryBar047.jpg,GreenBerryBar,60,Green Foods Ltd,220
GreenBerryBar048.jpg,GreenBerryBar,60,Green Foods Ltd,220
GreenBerryBar049.jpg,GreenBerryBar,60,Green Foods Ltd,220
GreenBerryBar050.jpg,GreenBerryBar,60,Green Foods Ltd,220
GreenBerryBar051.jpg,GreenBerryBar,60,Green Foods Ltd,220
GreenBerryBar052.jpg,GreenBerryBar,60,Green Foods Ltd,220
GreenBerryBar053.jpg,GreenBerryBar,60,Green Foods Ltd,220
GreenBerryBar054.jpg,GreenBerryBar,60,Green Foods Ltd,220
GreenBerryBar055.jpg,GreenBerryBar,60,Green Foods Ltd,220
GreenBerryBar056.jpg,GreenBerryBar,60,Green Foods Ltd,220
GreenBerryBar057.jpg,GreenBerryBar,60,Green Foods Ltd,220
GreenBerryBar058.jpg,GreenBerryBar,60,Green Foods Ltd,220
GreenBerryBar059.jpg,GreenBerryBar,60,Green Foods Ltd,220
GreenBerryBar060.jpg,GreenBerryBar,60,Green Foods Ltd,220
GreenBerryBar061.jpg,GreenBerryBar,60,Green Foods Ltd,220
GreenBerryBar062.jpg,GreenBerryBar,60,Green Foods Ltd,220
GreenBerryBar063.jpg,GreenBerryBar,60,Green Foods Ltd,220
GreenBerryBar064.jpg,GreenBerryBar,60,Green Foods Ltd,220
GreenBerryBar065.jpg,GreenBerryBar,60,Green Foods Ltd,220
GreenBerryBar066.jpg,GreenBerryBar,60,Green Foods Ltd,220
GreenBerryBar067.jpg,GreenBerryBar,60,Green Foods Ltd,220
GreenBerryBar068.jpg,GreenBerryBar,60,Green Foods Ltd,220
GreenBerryBar069.jpg,GreenBerryBar,60,Green Foods Ltd,220
GreenBerryBar070.jpg,GreenBerryBar,60,Green Foods Ltd,220
GreenBerryBar071.jpg,GreenBerryBar,60,Green Foods Ltd,220
GreenBerryBar072.jpg,GreenBerryBar,60,Green Foods Ltd,220
GreenBerryBar073.jpg,GreenBerryBar,60,Green Foods Ltd,220
GreenBerryBar074.jpg,GreenBerryBar,60,Green Foods Ltd,220
GreenBerryBar075.jpg,GreenBerryBar,60,Green Foods Ltd,220
GreenBerryBar076.jpg,GreenBerryBar,60,Green Foods Ltd,220
GreenBerryBar077.jpg,GreenBerryBar,60,Green Foods Ltd,220
GreenBerryBar078.jpg,GreenBerryBar,60,Green Foods Ltd,220
GreenBerryBar079.jpg,GreenBerryBar,60,Green Foods Ltd,220
GreenBerryBar080.jpg,GreenBerryBar,60,Green Foods Ltd,220
GreenBerryBar081.jpg,GreenBerryBar,60,Green Foods Ltd,220
GreenBerryBar082.jpg,GreenBerryBar,60,Green Foods Ltd,220
GreenBerryBar083.jpg,GreenBerryBar,60,Green Foods Ltd,220
GreenBerryBar084.jpg,GreenBerryBar,60,Green Foods Ltd,220
GreenBerryBar085.jpg,GreenBerryBar,60,Green Foods Ltd,220
GreenBerryBar086.jpg,GreenBerryBar,60,Green Foods Ltd,220
GreenBerryBar087.jpg,GreenBerryBar,60,Green Foods Ltd,220
GreenBerryBar088.jpg,GreenBerryBar,60,Green Foods Ltd,220
GreenBerryBar089.jpg,GreenBerryBar,60,Green Foods Ltd,220
GreenBerryBar090.jpg,GreenBerryBar,60,Green Foods Ltd,220
GreenBerryBar091.jpg,GreenBerryBar,60,Green Foods Ltd,220
GreenBerryBar092.jpg,GreenBerryBar,60,Green Foods Ltd,220
GreenBerryBar093.jpg,GreenBerryBar,60,Green Foods Ltd,220
GreenBerryBar094.jpg,GreenBerryBar,60,Green Foods Ltd,220
GreenBerryBar095.jpg,GreenBerryBar,60,Green Foods Ltd,220
GreenBerryBar096.jpg,GreenBerryBar,60,Green Foods Ltd,220
GreenBerryBar097.jpg,GreenBerryBar,60,Green Foods Ltd,220
GreenBerryBar098.jpg,GreenBerryBar,60,Green Foods Ltd,220
GreenBerryBar099.jpg,GreenBerryBar,60,Green Foods Ltd,220
GreenBerryBar100.jpg,GreenBerryBar,60,Green Foods Ltd,220
GreenBerryBar101.jpg,GreenBerryBar,60,Green Foods Ltd,220
GreenBerryBar102.jpg,GreenBerryBar,60,Green Foods Ltd,220
GreenBerryBar103.jpg,GreenBerryBar,60,Green Foods Ltd,220
GreenBerryBar104.jpg,GreenBerryBar,60,Green Foods Ltd,220
GreenBerryBar105.jpg,GreenBerryBar,60,Green Foods Ltd,220
GreenBerryBar106.jpg,GreenBerryBar,60,Green Foods Ltd,220
GreenBerryBar107.jpg,GreenBerryBar,60,Green Foods Ltd,220
GreenBerryBar108.jpg,GreenBerryBar,60,Green Foods Ltd,220
GreenBerryBar109.jpg,GreenBerryBar,60,Green Foods Ltd,220
GreenBerryBar110.jpg,GreenBerryBar,60,Green Foods Ltd,220
GreenBerryBar111.jpg,GreenBerryBar,60,Green Foods Ltd,220
GreenBerryBar112.jpg,GreenBerryBar,60,Green Foods Ltd,220
GreenBerryBar113.jpg,GreenBerryBar,60,Green Foods Ltd,220
GreenBerryBar114.jpg,GreenBerryBar,60,Green Foods Ltd,220
GreenBerryBar115.jpg,GreenBerryBar,60,Green Foods Ltd,220
GreenBerryBar116.jpg,GreenBerryBar,60,Green Foods Ltd,220
GreenBerryBar117.jpg,GreenBerryBar,60,Green Foods Ltd,220
GreenBerryBar118.jpg,GreenBerryBar,60,Green Foods Ltd,220
GreenBerryBar119.jpg,GreenBerryBar,60,Green Foods Ltd,220
GreenBerryBar120.jpg,GreenBerryBar,60,Green Foods Ltd,220
GreenBerryBar121.jpg,GreenBerryBar,60,Green Foods Ltd,220
GreenBerryBar122.jpg,GreenBerryBar,60,Green Foods Ltd,220
GreenBerryBar123.jpg,GreenBerryBar,60,Green Foods Ltd,220
GreenBerryBar124.jpg,GreenBerryBar,60,Green Foods Ltd,220
GreenBerryBar125.jpg,GreenBerryBar,60,Green Foods Ltd,220
GreenBerryBar126.jpg,GreenBerryBar,60,Green Foods Ltd,220
GreenBerryBar127.jpg,GreenBerryBar,60,Green Foods Ltd,220
GreenBerryBar128.jpg,GreenBerryBar,60,Green Foods Ltd,220
GreenBerryBar129.jpg,GreenBerryBar,60,Green Foods Ltd,220
GreenBerryBar130.jpg,GreenBerryBar,60,Green Foods Ltd,220
GreenBerryBar131.jpg,GreenBerryBar,60,Green Foods Ltd,220
GreenBerryBar132.jpg,GreenBerryBar,60,Green Foods Ltd,220
GreenBerryBar133.jpg,GreenBerryBar,60,Green Foods Ltd,220
GreenBerryBar134.jpg,GreenBerryBar,60,Green Foods Ltd,220
GreenBerryBar135.jpg,GreenBerryBar,60,Green Foods Ltd,220
GreenBerryBar136.jpg,GreenBerryBar,60,Green Foods Ltd,220
GreenBerryBar137.jpg,GreenBerryBar,60,Green Foods Ltd,220
GreenBerryBar138.jpg,GreenBerryBar,60,Green Foods Ltd,220
GreenBerryBar139.jpg,GreenBerryBar,60,Green Foods Ltd,220
GreenBerryBar140.jpg,GreenBerryBar,60,Green Foods Ltd,220
GreenBerryBar141.jpg,GreenBerryBar,60,Green Foods Ltd,220
GreenBerryBar142.jpg,GreenBerryBar,60,Green Foods Ltd,220
GreenBerryBar143.jpg,GreenBerryBar,60,Green Foods Ltd,220
GreenBerryBar144.jpg,GreenBerryBar,60,Green Foods Ltd,220
GreenBerryBar145.jpg,GreenBerryBar,60,Green Foods Ltd,220
GreenBerryBar146.jpg,GreenBerryBar,60,Green Foods Ltd,220
GreenBerryBar147.jpg,GreenBerryBar,60,Green Foods Ltd,220
GreenBerryBar148.jpg,GreenBerryBar,60,Green Foods Ltd,220
GreenBerryBar149.jpg,GreenBerryBar,60,Green Foods Ltd,220
GreenBerryBar150.jpg,GreenBerryBar,60,Green Foods Ltd,220
GreenBerryBar151.jpg,GreenBerryBar,60,Green Foods Ltd,220
GreenBerryBar152.jpg,GreenBerryBar,60,Green Foods Ltd,220
GreenBerryBar153.jpg,GreenBerryBar,60,Green Foods Ltd,220
GreenBerryBar154.jpg,GreenBerryBar,60,Green Foods Ltd,220
GreenBerryBar155.jpg,GreenBerryBar,60,Green Foods Ltd,220
GreenBerryBar156.jpg,GreenBerryBar,60,Green Foods Ltd,220
GreenBerryBar157.jpg,GreenBerryBar,60,Green Foods Ltd,220
GreenBerryBar158.jpg,GreenBerryBar,60,Green Foods Ltd,220
GreenBerryBar159.jpg,GreenBerryBar,60,Green Foods Ltd,220
GreenBerryBar160.jpg,GreenBerryBar,60,Green Foods Ltd,220
GreenBerryBar161.jpg,GreenBerryBar,60,Green Foods Ltd,220
GreenBerryBar162.jpg,GreenBerryBar,60,Green Foods Ltd,220
GreenBerryBar163.jpg,GreenBerryBar,60,Green Foods Ltd,220
GreenBerryBar164.jpg,GreenBerryBar,60,Green Foods Ltd,220
GreenBerryBar165.jpg,GreenBerryBar,60,Green Foods Ltd,220
GreenBerryBar166.jpg,GreenBerryBar,60,Green Foods Ltd,220
GreenBerryBar167.jpg,GreenBerryBar,60,Green Foods Ltd,220
GreenBerryBar168.jpg,GreenBerryBar,60,Green Foods Ltd,220
GreenBerryBar169.jpg,GreenBerryBar,60,Green Foods Ltd,220
GreenBerryBar170.jpg,GreenBerryBar,60,Green Foods Ltd,220
GreenBerryBar171.jpg,GreenBerryBar,60,Green Foods Ltd,220
GreenBerryBar172.jpg,GreenBerryBar,60,Green Foods Ltd,220
GreenBerryBar173.jpg,GreenBerryBar,60,Green Foods Ltd,220
GreenBerryBar174.jpg,GreenBerryBar,60,Green Foods Ltd,220
GreenBerryBar175.jpg,GreenBerryBar,60,Green Foods Ltd,220
GreenBerryBar176.jpg,GreenBerryBar,60,Green Foods Ltd,220
GreenBerryBar177.jpg,GreenBerryBar,60,Green Foods Ltd,220
GreenBerryBar178.jpg,GreenBerryBar,60,Green Foods Ltd,220
GreenBerryBar179.jpg,GreenBerryBar,60,Green Foods Ltd,220
GreenBerryBar180.jpg,GreenBerryBar,60,Green Foods Ltd,220
GreenBerryBar181.jpg,GreenBerryBar,60,Green Foods Ltd,220
GreenBerryBar182.jpg,GreenBerryBar,60,Green Foods Ltd,220
GreenBerryBar183.jpg,GreenBerryBar,60,Green Foods Ltd,220
GreenBerryBar184.jpg,GreenBerryBar,60,Green Foods Ltd,220
GreenBerryBar185.jpg,GreenBerryBar,60,Green Foods Ltd,220
GreenBerryBar186.jpg,GreenBerryBar,60,Green Foods Ltd,220
GreenBerryBar187.jpg,GreenBerryBar,60,Green Foods Ltd,220
GreenBerryBar188.jpg,GreenBerryBar,60,Green Foods Ltd,220
GreenBerryBar189.jpg,GreenBerryBar,60,Green Foods Ltd,220
GreenBerryBar190.jpg,GreenBerryBar,60,Green Foods Ltd,220
GreenBerryBar191.jpg,GreenBerryBar,60,Green Foods Ltd,220
GreenBerryBar192.jpg,GreenBerryBar,60,Green Foods Ltd,220
GreenBerryBar193.jpg,GreenBerryBar,60,Green Foods Ltd,220
GreenBerryBar194.jpg,GreenBerryBar,60,Green Foods Ltd,220
GreenBerryBar195.jpg,GreenBerryBar,60,Green Foods Ltd,220
GreenBerryBar196.jpg,GreenBerryBar,60,Green Foods Ltd,220
GreenBerryBar197.jpg,GreenBerryBar,60,Green Foods Ltd,220
GreenBerryBar198.jpg,GreenBerryBar,60,Green Foods Ltd,220
GreenBerryBar199.jpg,GreenBerryBar,60,Green Foods Ltd,220
GreenBerryBar200.jpg,GreenBerryBar,60,Green Foods Ltd,220
GreenMilkBarChocolate001.jpg,GreenMilkBarChocolate,65,Green Foods Ltd,230
GreenMilkBarChocolate002.jpg,GreenMilkBarChocolate,65,Green Foods Ltd,230
GreenMilkBarChocolate003.jpg,GreenMilkBarChocolate,65,Green Foods Ltd,230
GreenMilkBarChocolate004.jpg,GreenMilkBarChocolate,65,Green Foods Ltd,230
GreenMilkBarChocolate005.jpg,GreenMilkBarChocolate,65,Green Foods Ltd,230
GreenMilkBarChocolate006.jpg,GreenMilkBarChocolate,65,Green Foods Ltd,230
GreenMilkBarChocolate007.jpg,GreenMilkBarChocolate,65,Green Foods Ltd,230
GreenMilkBarChocolate008.jpg,GreenMilkBarChocolate,65,Green Foods Ltd,230
GreenMilkBarChocolate009.jpg,GreenMilkBarChocolate,65,Green Foods Ltd,230
GreenMilkBarChocolate010.jpg,GreenMilkBarChocolate,65,Green Foods Ltd,230
GreenMilkBarChocolate011.jpg,GreenMilkBarChocolate,65,Green Foods Ltd,230
GreenMilkBarChocolate012.jpg,GreenMilkBarChocolate,65,Green Foods Ltd,230
GreenMilkBarChocolate013.jpg,GreenMilkBarChocolate,65,Green Foods Ltd,230
GreenMilkBarChocolate014.jpg,GreenMilkBarChocolate,65,Green Foods Ltd,230
GreenMilkBarChocolate015.jpg,GreenMilkBarChocolate,65,Green Foods Ltd,230
GreenMilkBarChocolate016.jpg,GreenMilkBarChocolate,65,Green Foods Ltd,230
GreenMilkBarChocolate017.jpg,GreenMilkBarChocolate,65,Green Foods Ltd,230
GreenMilkBarChocolate018.jpg,GreenMilkBarChocolate,65,Green Foods Ltd,230
GreenMilkBarChocolate019.jpg,GreenMilkBarChocolate,65,Green Foods Ltd,230
GreenMilkBarChocolate020.jpg,GreenMilkBarChocolate,65,Green Foods Ltd,230
GreenMilkBarChocolate021.jpg,GreenMilkBarChocolate,65,Green Foods Ltd,230
GreenMilkBarChocolate022.jpg,GreenMilkBarChocolate,65,Green Foods Ltd,230
GreenMilkBarChocolate023.jpg,GreenMilkBarChocolate,65,Green Foods Ltd,230
GreenMilkBarChocolate024.jpg,GreenMilkBarChocolate,65,Green Foods Ltd,230
GreenMilkBarChocolate025.jpg,GreenMilkBarChocolate,65,Green Foods Ltd,230
GreenMilkBarChocolate026.jpg,GreenMilkBarChocolate,65,Green Foods Ltd,230
GreenMilkBarChocolate027.jpg,GreenMilkBarChocolate,65,Green Foods Ltd,230
GreenMilkBarChocolate028.jpg,GreenMilkBarChocolate,65,Green Foods Ltd,230
GreenMilkBarChocolate029.jpg,GreenMilkBarChocolate,65,Green Foods Ltd,230
GreenMilkBarChocolate030.jpg,GreenMilkBarChocolate,65,Green Foods Ltd,230
GreenMilkBarChocolate031.jpg,GreenMilkBarChocolate,65,Green Foods Ltd,230
GreenMilkBarChocolate032.jpg,GreenMilkBarChocolate,65,Green Foods Ltd,230
GreenMilkBarChocolate033.jpg,GreenMilkBarChocolate,65,Green Foods Ltd,230
GreenMilkBarChocolate034.jpg,GreenMilkBarChocolate,65,Green Foods Ltd,230
GreenMilkBarChocolate035.jpg,GreenMilkBarChocolate,65,Green Foods Ltd,230
GreenMilkBarChocolate036.jpg,GreenMilkBarChocolate,65,Green Foods Ltd,230
GreenMilkBarChocolate037.jpg,GreenMilkBarChocolate,65,Green Foods Ltd,230
GreenMilkBarChocolate038.jpg,GreenMilkBarChocolate,65,Green Foods Ltd,230
GreenMilkBarChocolate039.jpg,GreenMilkBarChocolate,65,Green Foods Ltd,230
GreenMilkBarChocolate040.jpg,GreenMilkBarChocolate,65,Green Foods Ltd,230
GreenMilkBarChocolate041.jpg,GreenMilkBarChocolate,65,Green Foods Ltd,230
GreenMilkBarChocolate042.jpg,GreenMilkBarChocolate,65,Green Foods Ltd,230
GreenMilkBarChocolate043.jpg,GreenMilkBarChocolate,65,Green Foods Ltd,230
GreenMilkBarChocolate044.jpg,GreenMilkBarChocolate,65,Green Foods Ltd,230
GreenMilkBarChocolate045.jpg,GreenMilkBarChocolate,65,Green Foods Ltd,230
GreenMilkBarChocolate046.jpg,GreenMilkBarChocolate,65,Green Foods Ltd,230
GreenMilkBarChocolate047.jpg,GreenMilkBarChocolate,65,Green Foods Ltd,230
GreenMilkBarChocolate048.jpg,GreenMilkBarChocolate,65,Green Foods Ltd,230
GreenMilkBarChocolate049.jpg,GreenMilkBarChocolate,65,Green Foods Ltd,230
GreenMilkBarChocolate050.jpg,GreenMilkBarChocolate,65,Green Foods Ltd,230
GreenMilkBarChocolate051.jpg,GreenMilkBarChocolate,65,Green Foods Ltd,230
GreenMilkBarChocolate052.jpg,GreenMilkBarChocolate,65,Green Foods Ltd,230
GreenMilkBarChocolate053.jpg,GreenMilkBarChocolate,65,Green Foods Ltd,230
GreenMilkBarChocolate054.jpg,GreenMilkBarChocolate,65,Green Foods Ltd,230
GreenMilkBarChocolate055.jpg,GreenMilkBarChocolate,65,Green Foods Ltd,230
GreenMilkBarChocolate056.jpg,GreenMilkBarChocolate,65,Green Foods Ltd,230
GreenMilkBarChocolate057.jpg,GreenMilkBarChocolate,65,Green Foods Ltd,230
GreenMilkBarChocolate058.jpg,GreenMilkBarChocolate,65,Green Foods Ltd,230
GreenMilkBarChocolate059.jpg,GreenMilkBarChocolate,65,Green Foods Ltd,230
GreenMilkBarChocolate060.jpg,GreenMilkBarChocolate,65,Green Foods Ltd,230
GreenMilkBarChocolate061.jpg,GreenMilkBarChocolate,65,Green Foods Ltd,230
GreenMilkBarChocolate062.jpg,GreenMilkBarChocolate,65,Green Foods Ltd,230
GreenMilkBarChocolate063.jpg,GreenMilkBarChocolate,65,Green Foods Ltd,230
GreenMilkBarChocolate064.jpg,GreenMilkBarChocolate,65,Green Foods Ltd,230
GreenMilkBarChocolate065.jpg,GreenMilkBarChocolate,65,Green Foods Ltd,230
GreenMilkBarChocolate066.jpg,GreenMilkBarChocolate,65,Green Foods Ltd,230
GreenMilkBarChocolate067.jpg,GreenMilkBarChocolate,65,Green Foods Ltd,230
GreenMilkBarChocolate068.jpg,GreenMilkBarChocolate,65,Green Foods Ltd,230
GreenMilkBarChocolate069.jpg,GreenMilkBarChocolate,65,Green Foods Ltd,230
GreenMilkBarChocolate070.jpg,GreenMilkBarChocolate,65,Green Foods Ltd,230
GreenMilkBarChocolate071.jpg,GreenMilkBarChocolate,65,Green Foods Ltd,230
GreenMilkBarChocolate072.jpg,GreenMilkBarChocolate,65,Green Foods Ltd,230
GreenMilkBarChocolate073.jpg,GreenMilkBarChocolate,65,Green Foods Ltd,230
GreenMilkBarChocolate074.jpg,GreenMilkBarChocolate,65,Green Foods Ltd,230
GreenMilkBarChocolate075.jpg,GreenMilkBarChocolate,65,Green Foods Ltd,230
GreenMilkBarChocolate076.jpg,GreenMilkBarChocolate,65,Green Foods Ltd,230
GreenMilkBarChocolate077.jpg,GreenMilkBarChocolate,65,Green Foods Ltd,230
GreenMilkBarChocolate078.jpg,GreenMilkBarChocolate,65,Green Foods Ltd,230
GreenMilkBarChocolate079.jpg,GreenMilkBarChocolate,65,Green Foods Ltd,230
GreenMilkBarChocolate080.jpg,GreenMilkBarChocolate,65,Green Foods Ltd,230
GreenMilkBarChocolate081.jpg,GreenMilkBarChocolate,65,Green Foods Ltd,230
GreenMilkBarChocolate082.jpg,GreenMilkBarChocolate,65,Green Foods Ltd,230
GreenMilkBarChocolate083.jpg,GreenMilkBarChocolate,65,Green Foods Ltd,230
GreenMilkBarChocolate084.jpg,GreenMilkBarChocolate,65,Green Foods Ltd,230
GreenMilkBarChocolate085.jpg,GreenMilkBarChocolate,65,Green Foods Ltd,230
GreenMilkBarChocolate086.jpg,GreenMilkBarChocolate,65,Green Foods Ltd,230
GreenMilkBarChocolate087.jpg,GreenMilkBarChocolate,65,Green Foods Ltd,230
GreenMilkBarChocolate088.jpg,GreenMilkBarChocolate,65,Green Foods Ltd,230
GreenMilkBarChocolate089.jpg,GreenMilkBarChocolate,65,Green Foods Ltd,230
GreenMilkBarChocolate090.jpg,GreenMilkBarChocolate,65,Green Foods Ltd,230
GreenMilkBarChocolate091.jpg,GreenMilkBarChocolate,65,Green Foods Ltd,230
GreenMilkBarChocolate092.jpg,GreenMilkBarChocolate,65,Green Foods Ltd,230
GreenMilkBarChocolate093.jpg,GreenMilkBarChocolate,65,Green Foods Ltd,230
GreenMilkBarChocolate094.jpg,GreenMilkBarChocolate,65,Green Foods Ltd,230
GreenMilkBarChocolate095.jpg,GreenMilkBarChocolate,65,Green Foods Ltd,230
GreenMilkBarChocolate096.jpg,GreenMilkBarChocolate,65,Green Foods Ltd,230
GreenMilkBarChocolate097.jpg,GreenMilkBarChocolate,65,Green Foods Ltd,230
GreenMilkBarChocolate098.jpg,GreenMilkBarChocolate,65,Green Foods Ltd,230
GreenMilkBarChocolate099.jpg,GreenMilkBarChocolate,65,Green Foods Ltd,230
GreenMilkBarChocolate100.jpg,GreenMilkBarChocolate,65,Green Foods Ltd,230
GreenMilkBarChocolate101.jpg,GreenMilkBarChocolate,65,Green Foods Ltd,230
GreenMilkBarChocolate102.jpg,GreenMilkBarChocolate,65,Green Foods Ltd,230
GreenMilkBarChocolate103.jpg,GreenMilkBarChocolate,65,Green Foods Ltd,230
GreenMilkBarChocolate104.jpg,GreenMilkBarChocolate,65,Green Foods Ltd,230
GreenMilkBarChocolate105.jpg,GreenMilkBarChocolate,65,Green Foods Ltd,230
GreenMilkBarChocolate106.jpg,GreenMilkBarChocolate,65,Green Foods Ltd,230
GreenMilkBarChocolate107.jpg,GreenMilkBarChocolate,65,Green Foods Ltd,230
GreenMilkBarChocolate108.jpg,GreenMilkBarChocolate,65,Green Foods Ltd,230
GreenMilkBarChocolate109.jpg,GreenMilkBarChocolate,65,Green Foods Ltd,230
GreenMilkBarChocolate110.jpg,GreenMilkBarChocolate,65,Green Foods Ltd,230
GreenMilkBarChocolate111.jpg,GreenMilkBarChocolate,65,Green Foods Ltd,230
GreenMilkBarChocolate112.jpg,GreenMilkBarChocolate,65,Green Foods Ltd,230
GreenMilkBarChocolate113.jpg,GreenMilkBarChocolate,65,Green Foods Ltd,230
GreenMilkBarChocolate114.jpg,GreenMilkBarChocolate,65,Green Foods Ltd,230
GreenMilkBarChocolate115.jpg,GreenMilkBarChocolate,65,Green Foods Ltd,230
GreenMilkBarChocolate116.jpg,GreenMilkBarChocolate,65,Green Foods Ltd,230
GreenMilkBarChocolate117.jpg,GreenMilkBarChocolate,65,Green Foods Ltd,230
GreenMilkBarChocolate118.jpg,GreenMilkBarChocolate,65,Green Foods Ltd,230
GreenMilkBarChocolate119.jpg,GreenMilkBarChocolate,65,Green Foods Ltd,230
GreenMilkBarChocolate120.jpg,GreenMilkBarChocolate,65,Green Foods Ltd,230
GreenMilkBarChocolate121.jpg,GreenMilkBarChocolate,65,Green Foods Ltd,230
GreenMilkBarChocolate122.jpg,GreenMilkBarChocolate,65,Green Foods Ltd,230
GreenMilkBarChocolate123.jpg,GreenMilkBarChocolate,65,Green Foods Ltd,230
GreenMilkBarChocolate124.jpg,GreenMilkBarChocolate,65,Green Foods Ltd,230
GreenMilkBarChocolate125.jpg,GreenMilkBarChocolate,65,Green Foods Ltd,230
GreenMilkBarChocolate126.jpg,GreenMilkBarChocolate,65,Green Foods Ltd,230
GreenMilkBarChocolate127.jpg,GreenMilkBarChocolate,65,Green Foods Ltd,230
GreenMilkBarChocolate128.jpg,GreenMilkBarChocolate,65,Green Foods Ltd,230
GreenMilkBarChocolate129.jpg,GreenMilkBarChocolate,65,Green Foods Ltd,230
GreenMilkBarChocolate130.jpg,GreenMilkBarChocolate,65,Green Foods Ltd,230
GreenMilkBarChocolate131.jpg,GreenMilkBarChocolate,65,Green Foods Ltd,230
GreenMilkBarChocolate132.jpg,GreenMilkBarChocolate,65,Green Foods Ltd,230
GreenMilkBarChocolate133.jpg,GreenMilkBarChocolate,65,Green Foods Ltd,230
GreenMilkBarChocolate134.jpg,GreenMilkBarChocolate,65,Green Foods Ltd,230
GreenMilkBarChocolate135.jpg,GreenMilkBarChocolate,65,Green Foods Ltd,230
GreenMilkBarChocolate136.jpg,GreenMilkBarChocolate,65,Green Foods Ltd,230
GreenMilkBarChocolate137.jpg,GreenMilkBarChocolate,65,Green Foods Ltd,230
GreenMilkBarChocolate138.jpg,GreenMilkBarChocolate,65,Green Foods Ltd,230
GreenMilkBarChocolate139.jpg,GreenMilkBarChocolate,65,Green Foods Ltd,230
GreenMilkBarChocolate140.jpg,GreenMilkBarChocolate,65,Green Foods Ltd,230
GreenMilkBarChocolate141.jpg,GreenMilkBarChocolate,65,Green Foods Ltd,230
GreenMilkBarChocolate142.jpg,GreenMilkBarChocolate,65,Green Foods Ltd,230
GreenMilkBarChocolate143.jpg,GreenMilkBarChocolate,65,Green Foods Ltd,230
GreenMilkBarChocolate144.jpg,GreenMilkBarChocolate,65,Green Foods Ltd,230
GreenMilkBarChocolate145.jpg,GreenMilkBarChocolate,65,Green Foods Ltd,230
GreenMilkBarChocolate146.jpg,GreenMilkBarChocolate,65,Green Foods Ltd,230
GreenMilkBarChocolate147.jpg,GreenMilkBarChocolate,65,Green Foods Ltd,230
GreenMilkBarChocolate148.jpg,GreenMilkBarChocolate,65,Green Foods Ltd,230
GreenMilkBarChocolate149.jpg,GreenMilkBarChocolate,65,Green Foods Ltd,230
GreenMilkBarChocolate150.jpg,GreenMilkBarChocolate,65,Green Foods Ltd,230
GreenMilkBarChocolate151.jpg,GreenMilkBarChocolate,65,Green Foods Ltd,230
GreenMilkBarChocolate152.jpg,GreenMilkBarChocolate,65,Green Foods Ltd,230
GreenMilkBarChocolate153.jpg,GreenMilkBarChocolate,65,Green Foods Ltd,230
GreenMilkBarChocolate154.jpg,GreenMilkBarChocolate,65,Green Foods Ltd,230
GreenMilkBarChocolate155.jpg,GreenMilkBarChocolate,65,Green Foods Ltd,230
GreenMilkBarChocolate156.jpg,GreenMilkBarChocolate,65,Green Foods Ltd,230
GreenMilkBarChocolate157.jpg,GreenMilkBarChocolate,65,Green Foods Ltd,230
GreenMilkBarChocolate158.jpg,GreenMilkBarChocolate,65,Green Foods Ltd,230
GreenMilkBarChocolate159.jpg,GreenMilkBarChocolate,65,Green Foods Ltd,230
GreenMilkBarChocolate160.jpg,GreenMilkBarChocolate,65,Green Foods Ltd,230
GreenMilkBarChocolate161.jpg,GreenMilkBarChocolate,65,Green Foods Ltd,230
GreenMilkBarChocolate162.jpg,GreenMilkBarChocolate,65,Green Foods Ltd,230
GreenMilkBarChocolate163.jpg,GreenMilkBarChocolate,65,Green Foods Ltd,230
GreenMilkBarChocolate164.jpg,GreenMilkBarChocolate,65,Green Foods Ltd,230
GreenMilkBarChocolate165.jpg,GreenMilkBarChocolate,65,Green Foods Ltd,230
GreenMilkBarChocolate166.jpg,GreenMilkBarChocolate,65,Green Foods Ltd,230
GreenMilkBarChocolate167.jpg,GreenMilkBarChocolate,65,Green Foods Ltd,230
GreenMilkBarChocolate168.jpg,GreenMilkBarChocolate,65,Green Foods Ltd,230
GreenMilkBarChocolate169.jpg,GreenMilkBarChocolate,65,Green Foods Ltd,230
GreenMilkBarChocolate170.jpg,GreenMilkBarChocolate,65,Green Foods Ltd,230
GreenMilkBarChocolate171.jpg,GreenMilkBarChocolate,65,Green Foods Ltd,230
GreenMilkBarChocolate172.jpg,GreenMilkBarChocolate,65,Green Foods Ltd,230
GreenMilkBarChocolate173.jpg,GreenMilkBarChocolate,65,Green Foods Ltd,230
GreenMilkBarChocolate174.jpg,GreenMilkBarChocolate,65,Green Foods Ltd,230
GreenMilkBarChocolate175.jpg,GreenMilkBarChocolate,65,Green Foods Ltd,230
GreenMilkBarChocolate176.jpg,GreenMilkBarChocolate,65,Green Foods Ltd,230
GreenMilkBarChocolate177.jpg,GreenMilkBarChocolate,65,Green Foods Ltd,230
GreenMilkBarChocolate178.jpg,GreenMilkBarChocolate,65,Green Foods Ltd,230
GreenMilkBarChocolate179.jpg,GreenMilkBarChocolate,65,Green Foods Ltd,230
GreenMilkBarChocolate180.jpg,GreenMilkBarChocolate,65,Green Foods Ltd,230
GreenMilkBarChocolate181.jpg,GreenMilkBarChocolate,65,Green Foods Ltd,230
GreenMilkBarChocolate182.jpg,GreenMilkBarChocolate,65,Green Foods Ltd,230
GreenMilkBarChocolate183.jpg,GreenMilkBarChocolate,65,Green Foods Ltd,230
GreenMilkBarChocolate184.jpg,GreenMilkBarChocolate,65,Green Foods Ltd,230
GreenMilkBarChocolate185.jpg,GreenMilkBarChocolate,65,Green Foods Ltd,230
GreenMilkBarChocolate186.jpg,GreenMilkBarChocolate,65,Green Foods Ltd,230
GreenMilkBarChocolate187.jpg,GreenMilkBarChocolate,65,Green Foods Ltd,230
GreenMilkBarChocolate188.jpg,GreenMilkBarChocolate,65,Green Foods Ltd,230
GreenMilkBarChocolate189.jpg,GreenMilkBarChocolate,65,Green Foods Ltd,230
GreenMilkBarChocolate190.jpg,GreenMilkBarChocolate,65,Green Foods Ltd,230
GreenMilkBarChocolate191.jpg,GreenMilkBarChocolate,65,Green Foods Ltd,230
GreenMilkBarChocolate192.jpg,GreenMilkBarChocolate,65,Green Foods Ltd,230
GreenMilkBarChocolate193.jpg,GreenMilkBarChocolate,65,Green Foods Ltd,230
GreenMilkBarChocolate194.jpg,GreenMilkBarChocolate,65,Green Foods Ltd,230
GreenMilkBarChocolate195.jpg,GreenMilkBarChocolate,65,Green Foods Ltd,230
GreenMilkBarChocolate196.jpg,GreenMilkBarChocolate,65,Green Foods Ltd,230
GreenMilkBarChocolate197.jpg,GreenMilkBarChocolate,65,Green Foods Ltd,230
GreenMilkBarChocolate198.jpg,GreenMilkBarChocolate,65,Green Foods Ltd,230
GreenMilkBarChocolate199.jpg,GreenMilkBarChocolate,65,Green Foods Ltd,230
GreenMilkBarChocolate200.jpg,GreenMilkBarChocolate,65,Green Foods Ltd,230
RunEnergyBar001.jpg,RunEnergyBar,50,Run Nutrition Co.,280
RunEnergyBar002.jpg,RunEnergyBar,50,Run Nutrition Co.,280
RunEnergyBar003.jpg,RunEnergyBar,50,Run Nutrition Co.,280
RunEnergyBar004.jpg,RunEnergyBar,50,Run Nutrition Co.,280
RunEnergyBar005.jpg,RunEnergyBar,50,Run Nutrition Co.,280
RunEnergyBar006.jpg,RunEnergyBar,50,Run Nutrition Co.,280
RunEnergyBar007.jpg,RunEnergyBar,50,Run Nutrition Co.,280
RunEnergyBar008.jpg,RunEnergyBar,50,Run Nutrition Co.,280
RunEnergyBar009.jpg,RunEnergyBar,50,Run Nutrition Co.,280
RunEnergyBar010.jpg,RunEnergyBar,50,Run Nutrition Co.,280
RunEnergyBar011.jpg,RunEnergyBar,50,Run Nutrition Co.,280
RunEnergyBar012.jpg,RunEnergyBar,50,Run Nutrition Co.,280
RunEnergyBar013.jpg,RunEnergyBar,50,Run Nutrition Co.,280
RunEnergyBar014.jpg,RunEnergyBar,50,Run Nutrition Co.,280
RunEnergyBar015.jpg,RunEnergyBar,50,Run Nutrition Co.,280
RunEnergyBar016.jpg,RunEnergyBar,50,Run Nutrition Co.,280
RunEnergyBar017.jpg,RunEnergyBar,50,Run Nutrition Co.,280
RunEnergyBar018.jpg,RunEnergyBar,50,Run Nutrition Co.,280
RunEnergyBar019.jpg,RunEnergyBar,50,Run Nutrition Co.,280
RunEnergyBar020.jpg,RunEnergyBar,50,Run Nutrition Co.,280
RunEnergyBar021.jpg,RunEnergyBar,50,Run Nutrition Co.,280
RunEnergyBar022.jpg,RunEnergyBar,50,Run Nutrition Co.,280
RunEnergyBar023.jpg,RunEnergyBar,50,Run Nutrition Co.,280
RunEnergyBar024.jpg,RunEnergyBar,50,Run Nutrition Co.,280
RunEnergyBar025.jpg,RunEnergyBar,50,Run Nutrition Co.,280
RunEnergyBar026.jpg,RunEnergyBar,50,Run Nutrition Co.,280
RunEnergyBar027.jpg,RunEnergyBar,50,Run Nutrition Co.,280
RunEnergyBar028.jpg,RunEnergyBar,50,Run Nutrition Co.,280
RunEnergyBar029.jpg,RunEnergyBar,50,Run Nutrition Co.,280
RunEnergyBar030.jpg,RunEnergyBar,50,Run Nutrition Co.,280
RunEnergyBar031.jpg,RunEnergyBar,50,Run Nutrition Co.,280
RunEnergyBar032.jpg,RunEnergyBar,50,Run Nutrition Co.,280
RunEnergyBar033.jpg,RunEnergyBar,50,Run Nutrition Co.,280
RunEnergyBar034.jpg,RunEnergyBar,50,Run Nutrition Co.,280
RunEnergyBar035.jpg,RunEnergyBar,50,Run Nutrition Co.,280
RunEnergyBar036.jpg,RunEnergyBar,50,Run Nutrition Co.,280
RunEnergyBar037.jpg,RunEnergyBar,50,Run Nutrition Co.,280
RunEnergyBar038.jpg,RunEnergyBar,50,Run Nutrition Co.,280
RunEnergyBar039.jpg,RunEnergyBar,50,Run Nutrition Co.,280
RunEnergyBar040.jpg,RunEnergyBar,50,Run Nutrition Co.,280
RunEnergyBar041.jpg,RunEnergyBar,50,Run Nutrition Co.,280
RunEnergyBar042.jpg,RunEnergyBar,50,Run Nutrition Co.,280
RunEnergyBar043.jpg,RunEnergyBar,50,Run Nutrition Co.,280
RunEnergyBar044.jpg,RunEnergyBar,50,Run Nutrition Co.,280
RunEnergyBar045.jpg,RunEnergyBar,50,Run Nutrition Co.,280
RunEnergyBar046.jpg,RunEnergyBar,50,Run Nutrition Co.,280
RunEnergyBar047.jpg,RunEnergyBar,50,Run Nutrition Co.,280
RunEnergyBar048.jpg,RunEnergyBar,50,Run Nutrition Co.,280
RunEnergyBar049.jpg,RunEnergyBar,50,Run Nutrition Co.,280
RunEnergyBar050.jpg,RunEnergyBar,50,Run Nutrition Co.,280
RunEnergyBar051.jpg,RunEnergyBar,50,Run Nutrition Co.,280
RunEnergyBar052.jpg,RunEnergyBar,50,Run Nutrition Co.,280
RunEnergyBar053.jpg,RunEnergyBar,50,Run Nutrition Co.,280
RunEnergyBar054.jpg,RunEnergyBar,50,Run Nutrition Co.,280
RunEnergyBar055.jpg,RunEnergyBar,50,Run Nutrition Co.,280
RunEnergyBar056.jpg,RunEnergyBar,50,Run Nutrition Co.,280
RunEnergyBar057.jpg,RunEnergyBar,50,Run Nutrition Co.,280
RunEnergyBar058.jpg,RunEnergyBar,50,Run Nutrition Co.,280
RunEnergyBar059.jpg,RunEnergyBar,50,Run Nutrition Co.,280
RunEnergyBar060.jpg,RunEnergyBar,50,Run Nutrition Co.,280
RunEnergyBar061.jpg,RunEnergyBar,50,Run Nutrition Co.,280
RunEnergyBar062.jpg,RunEnergyBar,50,Run Nutrition Co.,280
RunEnergyBar063.jpg,RunEnergyBar,50,Run Nutrition Co.,280
RunEnergyBar064.jpg,RunEnergyBar,50,Run Nutrition Co.,280
RunEnergyBar065.jpg,RunEnergyBar,50,Run Nutrition Co.,280
RunEnergyBar066.jpg,RunEnergyBar,50,Run Nutrition Co.,280
RunEnergyBar067.jpg,RunEnergyBar,50,Run Nutrition Co.,280
RunEnergyBar068.jpg,RunEnergyBar,50,Run Nutrition Co.,280
RunEnergyBar069.jpg,RunEnergyBar,50,Run Nutrition Co.,280
RunEnergyBar070.jpg,RunEnergyBar,50,Run Nutrition Co.,280
RunEnergyBar071.jpg,RunEnergyBar,50,Run Nutrition Co.,280
RunEnergyBar072.jpg,RunEnergyBar,50,Run Nutrition Co.,280
RunEnergyBar073.jpg,RunEnergyBar,50,Run Nutrition Co.,280
RunEnergyBar074.jpg,RunEnergyBar,50,Run Nutrition Co.,280
RunEnergyBar075.jpg,RunEnergyBar,50,Run Nutrition Co.,280
RunEnergyBar076.jpg,RunEnergyBar,50,Run Nutrition Co.,280
RunEnergyBar077.jpg,RunEnergyBar,50,Run Nutrition Co.,280
RunEnergyBar078.jpg,RunEnergyBar,50,Run Nutrition Co.,280
RunEnergyBar079.jpg,RunEnergyBar,50,Run Nutrition Co.,280
RunEnergyBar080.jpg,RunEnergyBar,50,Run Nutrition Co.,280
RunEnergyBar081.jpg,RunEnergyBar,50,Run Nutrition Co.,280
RunEnergyBar082.jpg,RunEnergyBar,50,Run Nutrition Co.,280
RunEnergyBar083.jpg,RunEnergyBar,50,Run Nutrition Co.,280
RunEnergyBar084.jpg,RunEnergyBar,50,Run Nutrition Co.,280
RunEnergyBar085.jpg,RunEnergyBar,50,Run Nutrition Co.,280
RunEnergyBar086.jpg,RunEnergyBar,50,Run Nutrition Co.,280
RunEnergyBar087.jpg,RunEnergyBar,50,Run Nutrition Co.,280
RunEnergyBar088.jpg,RunEnergyBar,50,Run Nutrition Co.,280
RunEnergyBar089.jpg,RunEnergyBar,50,Run Nutrition Co.,280
RunEnergyBar090.jpg,RunEnergyBar,50,Run Nutrition Co.,280
RunEnergyBar091.jpg,RunEnergyBar,50,Run Nutrition Co.,280
RunEnergyBar092.jpg,RunEnergyBar,50,Run Nutrition Co.,280
RunEnergyBar093.jpg,RunEnergyBar,50,Run Nutrition Co.,280
RunEnergyBar094.jpg,RunEnergyBar,50,Run Nutrition Co.,280
RunEnergyBar095.jpg,RunEnergyBar,50,Run Nutrition Co.,280
RunEnergyBar096.jpg,RunEnergyBar,50,Run Nutrition Co.,280
RunEnergyBar097.jpg,RunEnergyBar,50,Run Nutrition Co.,280
RunEnergyBar098.jpg,RunEnergyBar,50,Run Nutrition Co.,280
RunEnergyBar099.jpg,RunEnergyBar,50,Run Nutrition Co.,280
RunEnergyBar100.jpg,RunEnergyBar,50,Run Nutrition Co.,280
RunEnergyBar101.jpg,RunEnergyBar,50,Run Nutrition Co.,280
RunEnergyBar102.jpg,RunEnergyBar,50,Run Nutrition Co.,280
RunEnergyBar103.jpg,RunEnergyBar,50,Run Nutrition Co.,280
RunEnergyBar104.jpg,RunEnergyBar,50,Run Nutrition Co.,280
RunEnergyBar105.jpg,RunEnergyBar,50,Run Nutrition Co.,280
RunEnergyBar106.jpg,RunEnergyBar,50,Run Nutrition Co.,280
RunEnergyBar107.jpg,RunEnergyBar,50,Run Nutrition Co.,280
RunEnergyBar108.jpg,RunEnergyBar,50,Run Nutrition Co.,280
RunEnergyBar109.jpg,RunEnergyBar,50,Run Nutrition Co.,280
RunEnergyBar110.jpg,RunEnergyBar,50,Run Nutrition Co.,280
RunEnergyBar111.jpg,RunEnergyBar,50,Run Nutrition Co.,280
RunEnergyBar112.jpg,RunEnergyBar,50,Run Nutrition Co.,280
RunEnergyBar113.jpg,RunEnergyBar,50,Run Nutrition Co.,280
RunEnergyBar114.jpg,RunEnergyBar,50,Run Nutrition Co.,280
RunEnergyBar115.jpg,RunEnergyBar,50,Run Nutrition Co.,280
RunEnergyBar116.jpg,RunEnergyBar,50,Run Nutrition Co.,280
RunEnergyBar117.jpg,RunEnergyBar,50,Run Nutrition Co.,280
RunEnergyBar118.jpg,RunEnergyBar,50,Run Nutrition Co.,280
RunEnergyBar119.jpg,RunEnergyBar,50,Run Nutrition Co.,280
RunEnergyBar120.jpg,RunEnergyBar,50,Run Nutrition Co.,280
RunEnergyBar121.jpg,RunEnergyBar,50,Run Nutrition Co.,280
RunEnergyBar122.jpg,RunEnergyBar,50,Run Nutrition Co.,280
RunEnergyBar123.jpg,RunEnergyBar,50,Run Nutrition Co.,280
RunEnergyBar124.jpg,RunEnergyBar,50,Run Nutrition Co.,280
RunEnergyBar125.jpg,RunEnergyBar,50,Run Nutrition Co.,280
RunEnergyBar126.jpg,RunEnergyBar,50,Run Nutrition Co.,280
RunEnergyBar127.jpg,RunEnergyBar,50,Run Nutrition Co.,280
RunEnergyBar128.jpg,RunEnergyBar,50,Run Nutrition Co.,280
RunEnergyBar129.jpg,RunEnergyBar,50,Run Nutrition Co.,280
RunEnergyBar130.jpg,RunEnergyBar,50,Run Nutrition Co.,280
RunEnergyBar131.jpg,RunEnergyBar,50,Run Nutrition Co.,280
RunEnergyBar132.jpg,RunEnergyBar,50,Run Nutrition Co.,280
RunEnergyBar133.jpg,RunEnergyBar,50,Run Nutrition Co.,280
RunEnergyBar134.jpg,RunEnergyBar,50,Run Nutrition Co.,280
RunEnergyBar135.jpg,RunEnergyBar,50,Run Nutrition Co.,280
RunEnergyBar136.jpg,RunEnergyBar,50,Run Nutrition Co.,280
RunEnergyBar137.jpg,RunEnergyBar,50,Run Nutrition Co.,280
RunEnergyBar138.jpg,RunEnergyBar,50,Run Nutrition Co.,280
RunEnergyBar139.jpg,RunEnergyBar,50,Run Nutrition Co.,280
RunEnergyBar140.jpg,RunEnergyBar,50,Run Nutrition Co.,280
RunEnergyBar141.jpg,RunEnergyBar,50,Run Nutrition Co.,280
RunEnergyBar142.jpg,RunEnergyBar,50,Run Nutrition Co.,280
RunEnergyBar143.jpg,RunEnergyBar,50,Run Nutrition Co.,280
RunEnergyBar144.jpg,RunEnergyBar,50,Run Nutrition Co.,280
RunEnergyBar145.jpg,RunEnergyBar,50,Run Nutrition Co.,280
RunEnergyBar146.jpg,RunEnergyBar,50,Run Nutrition Co.,280
RunEnergyBar147.jpg,RunEnergyBar,50,Run Nutrition Co.,280
RunEnergyBar148.jpg,RunEnergyBar,50,Run Nutrition Co.,280
RunEnergyBar149.jpg,RunEnergyBar,50,Run Nutrition Co.,280
RunEnergyBar150.jpg,RunEnergyBar,50,Run Nutrition Co.,280
RunEnergyBar151.jpg,RunEnergyBar,50,Run Nutrition Co.,280
RunEnergyBar152.jpg,RunEnergyBar,50,Run Nutrition Co.,280
RunEnergyBar153.jpg,RunEnergyBar,50,Run Nutrition Co.,280
RunEnergyBar154.jpg,RunEnergyBar,50,Run Nutrition Co.,280
RunEnergyBar155.jpg,RunEnergyBar,50,Run Nutrition Co.,280
RunEnergyBar156.jpg,RunEnergyBar,50,Run Nutrition Co.,280
RunEnergyBar157.jpg,RunEnergyBar,50,Run Nutrition Co.,280
RunEnergyBar158.jpg,RunEnergyBar,50,Run Nutrition Co.,280
RunEnergyBar159.jpg,RunEnergyBar,50,Run Nutrition Co.,280
RunEnergyBar160.jpg,RunEnergyBar,50,Run Nutrition Co.,280
RunEnergyBar161.jpg,RunEnergyBar,50,Run Nutrition Co.,280
RunEnergyBar162.jpg,RunEnergyBar,50,Run Nutrition Co.,280
RunEnergyBar163.jpg,RunEnergyBar,50,Run Nutrition Co.,280
RunEnergyBar164.jpg,RunEnergyBar,50,Run Nutrition Co.,280
RunEnergyBar165.jpg,RunEnergyBar,50,Run Nutrition Co.,280
RunEnergyBar166.jpg,RunEnergyBar,50,Run Nutrition Co.,280
RunEnergyBar167.jpg,RunEnergyBar,50,Run Nutrition Co.,280
RunEnergyBar168.jpg,RunEnergyBar,50,Run Nutrition Co.,280
RunEnergyBar169.jpg,RunEnergyBar,50,Run Nutrition Co.,280
RunEnergyBar170.jpg,RunEnergyBar,50,Run Nutrition Co.,280
RunEnergyBar171.jpg,RunEnergyBar,50,Run Nutrition Co.,280
RunEnergyBar172.jpg,RunEnergyBar,50,Run Nutrition Co.,280
RunEnergyBar173.jpg,RunEnergyBar,50,Run Nutrition Co.,280
RunEnergyBar174.jpg,RunEnergyBar,50,Run Nutrition Co.,280
RunEnergyBar175.jpg,RunEnergyBar,50,Run Nutrition Co.,280
RunEnergyBar176.jpg,RunEnergyBar,50,Run Nutrition Co.,280
RunEnergyBar177.jpg,RunEnergyBar,50,Run Nutrition Co.,280
RunEnergyBar178.jpg,RunEnergyBar,50,Run Nutrition Co.,280
RunEnergyBar179.jpg,RunEnergyBar,50,Run Nutrition Co.,280
RunEnergyBar180.jpg,RunEnergyBar,50,Run Nutrition Co.,280
RunEnergyBar181.jpg,RunEnergyBar,50,Run Nutrition Co.,280
RunEnergyBar182.jpg,RunEnergyBar,50,Run Nutrition Co.,280
RunEnergyBar183.jpg,RunEnergyBar,50,Run Nutrition Co.,280
RunEnergyBar184.jpg,RunEnergyBar,50,Run Nutrition Co.,280
RunEnergyBar185.jpg,RunEnergyBar,50,Run Nutrition Co.,280
RunEnergyBar186.jpg,RunEnergyBar,50,Run Nutrition Co.,280
RunEnergyBar187.jpg,RunEnergyBar,50,Run Nutrition Co.,280
RunEnergyBar188.jpg,RunEnergyBar,50,Run Nutrition Co.,280
RunEnergyBar189.jpg,RunEnergyBar,50,Run Nutrition Co.,280
RunEnergyBar190.jpg,RunEnergyBar,50,Run Nutrition Co.,280
RunEnergyBar191.jpg,RunEnergyBar,50,Run Nutrition Co.,280
RunEnergyBar192.jpg,RunEnergyBar,50,Run Nutrition Co.,280
RunEnergyBar193.jpg,RunEnergyBar,50,Run Nutrition Co.,280
RunEnergyBar194.jpg,RunEnergyBar,50,Run Nutrition Co.,280
RunEnergyBar195.jpg,RunEnergyBar,50,Run Nutrition Co.,280
RunEnergyBar196.jpg,RunEnergyBar,50,Run Nutrition Co.,280
RunEnergyBar197.jpg,RunEnergyBar,50,Run Nutrition Co.,280
RunEnergyBar198.jpg,RunEnergyBar,50,Run Nutrition Co.,280
RunEnergyBar199.jpg,RunEnergyBar,50,Run Nutrition Co.,280
RunEnergyBar200.jpg,RunEnergyBar,50,Run Nutrition Co.,280
TreatMilkChocolateBar001.jpg,TreatMilkChocolateBar,45,Treat Sweets Bangladesh,235
TreatMilkChocolateBar002.jpg,TreatMilkChocolateBar,45,Treat Sweets Bangladesh,235
TreatMilkChocolateBar003.jpg,TreatMilkChocolateBar,45,Treat Sweets Bangladesh,235
TreatMilkChocolateBar004.jpg,TreatMilkChocolateBar,45,Treat Sweets Bangladesh,235
TreatMilkChocolateBar005.jpg,TreatMilkChocolateBar,45,Treat Sweets Bangladesh,235
TreatMilkChocolateBar006.jpg,TreatMilkChocolateBar,45,Treat Sweets Bangladesh,235
TreatMilkChocolateBar007.jpg,TreatMilkChocolateBar,45,Treat Sweets Bangladesh,235
TreatMilkChocolateBar008.jpg,TreatMilkChocolateBar,45,Treat Sweets Bangladesh,235
TreatMilkChocolateBar009.jpg,TreatMilkChocolateBar,45,Treat Sweets Bangladesh,235
TreatMilkChocolateBar010.jpg,TreatMilkChocolateBar,45,Treat Sweets Bangladesh,235
TreatMilkChocolateBar011.jpg,TreatMilkChocolateBar,45,Treat Sweets Bangladesh,235
TreatMilkChocolateBar012.jpg,TreatMilkChocolateBar,45,Treat Sweets Bangladesh,235
TreatMilkChocolateBar013.jpg,TreatMilkChocolateBar,45,Treat Sweets Bangladesh,235
TreatMilkChocolateBar014.jpg,TreatMilkChocolateBar,45,Treat Sweets Bangladesh,235
TreatMilkChocolateBar015.jpg,TreatMilkChocolateBar,45,Treat Sweets Bangladesh,235
TreatMilkChocolateBar016.jpg,TreatMilkChocolateBar,45,Treat Sweets Bangladesh,235
TreatMilkChocolateBar017.jpg,TreatMilkChocolateBar,45,Treat Sweets Bangladesh,235
TreatMilkChocolateBar018.jpg,TreatMilkChocolateBar,45,Treat Sweets Bangladesh,235
TreatMilkChocolateBar019.jpg,TreatMilkChocolateBar,45,Treat Sweets Bangladesh,235
TreatMilkChocolateBar020.jpg,TreatMilkChocolateBar,45,Treat Sweets Bangladesh,235
TreatMilkChocolateBar021.jpg,TreatMilkChocolateBar,45,Treat Sweets Bangladesh,235
TreatMilkChocolateBar022.jpg,TreatMilkChocolateBar,45,Treat Sweets Bangladesh,235
TreatMilkChocolateBar023.jpg,TreatMilkChocolateBar,45,Treat Sweets Bangladesh,235
TreatMilkChocolateBar024.jpg,TreatMilkChocolateBar,45,Treat Sweets Bangladesh,235
TreatMilkChocolateBar025.jpg,TreatMilkChocolateBar,45,Treat Sweets Bangladesh,235
TreatMilkChocolateBar026.jpg,TreatMilkChocolateBar,45,Treat Sweets Bangladesh,235
TreatMilkChocolateBar027.jpg,TreatMilkChocolateBar,45,Treat Sweets Bangladesh,235
TreatMilkChocolateBar028.jpg,TreatMilkChocolateBar,45,Treat Sweets Bangladesh,235
TreatMilkChocolateBar029.jpg,TreatMilkChocolateBar,45,Treat Sweets Bangladesh,235
TreatMilkChocolateBar030.jpg,TreatMilkChocolateBar,45,Treat Sweets Bangladesh,235
TreatMilkChocolateBar031.jpg,TreatMilkChocolateBar,45,Treat Sweets Bangladesh,235
TreatMilkChocolateBar032.jpg,TreatMilkChocolateBar,45,Treat Sweets Bangladesh,235
TreatMilkChocolateBar033.jpg,TreatMilkChocolateBar,45,Treat Sweets Bangladesh,235
TreatMilkChocolateBar034.jpg,TreatMilkChocolateBar,45,Treat Sweets Bangladesh,235
TreatMilkChocolateBar035.jpg,TreatMilkChocolateBar,45,Treat Sweets Bangladesh,235
TreatMilkChocolateBar036.jpg,TreatMilkChocolateBar,45,Treat Sweets Bangladesh,235
TreatMilkChocolateBar037.jpg,TreatMilkChocolateBar,45,Treat Sweets Bangladesh,235
TreatMilkChocolateBar038.jpg,TreatMilkChocolateBar,45,Treat Sweets Bangladesh,235
TreatMilkChocolateBar039.jpg,TreatMilkChocolateBar,45,Treat Sweets Bangladesh,235
TreatMilkChocolateBar040.jpg,TreatMilkChocolateBar,45,Treat Sweets Bangladesh,235
TreatMilkChocolateBar041.jpg,TreatMilkChocolateBar,45,Treat Sweets Bangladesh,235
TreatMilkChocolateBar042.jpg,TreatMilkChocolateBar,45,Treat Sweets Bangladesh,235
TreatMilkChocolateBar043.jpg,TreatMilkChocolateBar,45,Treat Sweets Bangladesh,235
TreatMilkChocolateBar044.jpg,TreatMilkChocolateBar,45,Treat Sweets Bangladesh,235
TreatMilkChocolateBar045.jpg,TreatMilkChocolateBar,45,Treat Sweets Bangladesh,235
TreatMilkChocolateBar046.jpg,TreatMilkChocolateBar,45,Treat Sweets Bangladesh,235
TreatMilkChocolateBar047.jpg,TreatMilkChocolateBar,45,Treat Sweets Bangladesh,235
TreatMilkChocolateBar048.jpg,TreatMilkChocolateBar,45,Treat Sweets Bangladesh,235
TreatMilkChocolateBar049.jpg,TreatMilkChocolateBar,45,Treat Sweets Bangladesh,235
TreatMilkChocolateBar050.jpg,TreatMilkChocolateBar,45,Treat Sweets Bangladesh,235
TreatMilkChocolateBar051.jpg,TreatMilkChocolateBar,45,Treat Sweets Bangladesh,235
TreatMilkChocolateBar052.jpg,TreatMilkChocolateBar,45,Treat Sweets Bangladesh,235
TreatMilkChocolateBar053.jpg,TreatMilkChocolateBar,45,Treat Sweets Bangladesh,235
TreatMilkChocolateBar054.jpg,TreatMilkChocolateBar,45,Treat Sweets Bangladesh,235
TreatMilkChocolateBar055.jpg,TreatMilkChocolateBar,45,Treat Sweets Bangladesh,235
TreatMilkChocolateBar056.jpg,TreatMilkChocolateBar,45,Treat Sweets Bangladesh,235
TreatMilkChocolateBar057.jpg,TreatMilkChocolateBar,45,Treat Sweets Bangladesh,235
TreatMilkChocolateBar058.jpg,TreatMilkChocolateBar,45,Treat Sweets Bangladesh,235
TreatMilkChocolateBar059.jpg,TreatMilkChocolateBar,45,Treat Sweets Bangladesh,235
TreatMilkChocolateBar060.jpg,TreatMilkChocolateBar,45,Treat Sweets Bangladesh,235
TreatMilkChocolateBar061.jpg,TreatMilkChocolateBar,45,Treat Sweets Bangladesh,235
TreatMilkChocolateBar062.jpg,TreatMilkChocolateBar,45,Treat Sweets Bangladesh,235
TreatMilkChocolateBar063.jpg,TreatMilkChocolateBar,45,Treat Sweets Bangladesh,235
TreatMilkChocolateBar064.jpg,TreatMilkChocolateBar,45,Treat Sweets Bangladesh,235
TreatMilkChocolateBar065.jpg,TreatMilkChocolateBar,45,Treat Sweets Bangladesh,235
TreatMilkChocolateBar066.jpg,TreatMilkChocolateBar,45,Treat Sweets Bangladesh,235
TreatMilkChocolateBar067.jpg,TreatMilkChocolateBar,45,Treat Sweets Bangladesh,235
TreatMilkChocolateBar068.jpg,TreatMilkChocolateBar,45,Treat Sweets Bangladesh,235
TreatMilkChocolateBar069.jpg,TreatMilkChocolateBar,45,Treat Sweets Bangladesh,235
TreatMilkChocolateBar070.jpg,TreatMilkChocolateBar,45,Treat Sweets Bangladesh,235
TreatMilkChocolateBar071.jpg,TreatMilkChocolateBar,45,Treat Sweets Bangladesh,235
TreatMilkChocolateBar072.jpg,TreatMilkChocolateBar,45,Treat Sweets Bangladesh,235
TreatMilkChocolateBar073.jpg,TreatMilkChocolateBar,45,Treat Sweets Bangladesh,235
TreatMilkChocolateBar074.jpg,TreatMilkChocolateBar,45,Treat Sweets Bangladesh,235
TreatMilkChocolateBar075.jpg,TreatMilkChocolateBar,45,Treat Sweets Bangladesh,235
TreatMilkChocolateBar076.jpg,TreatMilkChocolateBar,45,Treat Sweets Bangladesh,235
TreatMilkChocolateBar077.jpg,TreatMilkChocolateBar,45,Treat Sweets Bangladesh,235
TreatMilkChocolateBar078.jpg,TreatMilkChocolateBar,45,Treat Sweets Bangladesh,235
TreatMilkChocolateBar079.jpg,TreatMilkChocolateBar,45,Treat Sweets Bangladesh,235
TreatMilkChocolateBar080.jpg,TreatMilkChocolateBar,45,Treat Sweets Bangladesh,235
TreatMilkChocolateBar081.jpg,TreatMilkChocolateBar,45,Treat Sweets Bangladesh,235
TreatMilkChocolateBar082.jpg,TreatMilkChocolateBar,45,Treat Sweets Bangladesh,235
TreatMilkChocolateBar083.jpg,TreatMilkChocolateBar,45,Treat Sweets Bangladesh,235
TreatMilkChocolateBar084.jpg,TreatMilkChocolateBar,45,Treat Sweets Bangladesh,235
TreatMilkChocolateBar085.jpg,TreatMilkChocolateBar,45,Treat Sweets Bangladesh,235
TreatMilkChocolateBar086.jpg,TreatMilkChocolateBar,45,Treat Sweets Bangladesh,235
TreatMilkChocolateBar087.jpg,TreatMilkChocolateBar,45,Treat Sweets Bangladesh,235
TreatMilkChocolateBar088.jpg,TreatMilkChocolateBar,45,Treat Sweets Bangladesh,235
TreatMilkChocolateBar089.jpg,TreatMilkChocolateBar,45,Treat Sweets Bangladesh,235
TreatMilkChocolateBar090.jpg,TreatMilkChocolateBar,45,Treat Sweets Bangladesh,235
TreatMilkChocolateBar091.jpg,TreatMilkChocolateBar,45,Treat Sweets Bangladesh,235
TreatMilkChocolateBar092.jpg,TreatMilkChocolateBar,45,Treat Sweets Bangladesh,235
TreatMilkChocolateBar093.jpg,TreatMilkChocolateBar,45,Treat Sweets Bangladesh,235
TreatMilkChocolateBar094.jpg,TreatMilkChocolateBar,45,Treat Sweets Bangladesh,235
TreatMilkChocolateBar095.jpg,TreatMilkChocolateBar,45,Treat Sweets Bangladesh,235
TreatMilkChocolateBar096.jpg,TreatMilkChocolateBar,45,Treat Sweets Bangladesh,235
TreatMilkChocolateBar097.jpg,TreatMilkChocolateBar,45,Treat Sweets Bangladesh,235
TreatMilkChocolateBar098.jpg,TreatMilkChocolateBar,45,Treat Sweets Bangladesh,235
TreatMilkChocolateBar099.jpg,TreatMilkChocolateBar,45,Treat Sweets Bangladesh,235
TreatMilkChocolateBar100.jpg,TreatMilkChocolateBar,45,Treat Sweets Bangladesh,235
TreatMilkChocolateBar101.jpg,TreatMilkChocolateBar,45,Treat Sweets Bangladesh,235
TreatMilkChocolateBar102.jpg,TreatMilkChocolateBar,45,Treat Sweets Bangladesh,235
TreatMilkChocolateBar103.jpg,TreatMilkChocolateBar,45,Treat Sweets Bangladesh,235
TreatMilkChocolateBar104.jpg,TreatMilkChocolateBar,45,Treat Sweets Bangladesh,235
TreatMilkChocolateBar105.jpg,TreatMilkChocolateBar,45,Treat Sweets Bangladesh,235
TreatMilkChocolateBar106.jpg,TreatMilkChocolateBar,45,Treat Sweets Bangladesh,235
TreatMilkChocolateBar107.jpg,TreatMilkChocolateBar,45,Treat Sweets Bangladesh,235
TreatMilkChocolateBar108.jpg,TreatMilkChocolateBar,45,Treat Sweets Bangladesh,235
TreatMilkChocolateBar109.jpg,TreatMilkChocolateBar,45,Treat Sweets Bangladesh,235
TreatMilkChocolateBar110.jpg,TreatMilkChocolateBar,45,Treat Sweets Bangladesh,235
TreatMilkChocolateBar111.jpg,TreatMilkChocolateBar,45,Treat Sweets Bangladesh,235
TreatMilkChocolateBar112.jpg,TreatMilkChocolateBar,45,Treat Sweets Bangladesh,235
TreatMilkChocolateBar113.jpg,TreatMilkChocolateBar,45,Treat Sweets Bangladesh,235
TreatMilkChocolateBar114.jpg,TreatMilkChocolateBar,45,Treat Sweets Bangladesh,235
TreatMilkChocolateBar115.jpg,TreatMilkChocolateBar,45,Treat Sweets Bangladesh,235
TreatMilkChocolateBar116.jpg,TreatMilkChocolateBar,45,Treat Sweets Bangladesh,235
TreatMilkChocolateBar117.jpg,TreatMilkChocolateBar,45,Treat Sweets Bangladesh,235
TreatMilkChocolateBar118.jpg,TreatMilkChocolateBar,45,Treat Sweets Bangladesh,235
TreatMilkChocolateBar119.jpg,TreatMilkChocolateBar,45,Treat Sweets Bangladesh,235
TreatMilkChocolateBar120.jpg,TreatMilkChocolateBar,45,Treat Sweets Bangladesh,235
TreatMilkChocolateBar121.jpg,TreatMilkChocolateBar,45,Treat Sweets Bangladesh,235
TreatMilkChocolateBar122.jpg,TreatMilkChocolateBar,45,Treat Sweets Bangladesh,235
TreatMilkChocolateBar123.jpg,TreatMilkChocolateBar,45,Treat Sweets Bangladesh,235
TreatMilkChocolateBar124.jpg,TreatMilkChocolateBar,45,Treat Sweets Bangladesh,235
TreatMilkChocolateBar125.jpg,TreatMilkChocolateBar,45,Treat Sweets Bangladesh,235
TreatMilkChocolateBar126.jpg,TreatMilkChocolateBar,45,Treat Sweets Bangladesh,235
TreatMilkChocolateBar127.jpg,TreatMilkChocolateBar,45,Treat Sweets Bangladesh,235
TreatMilkChocolateBar128.jpg,TreatMilkChocolateBar,45,Treat Sweets Bangladesh,235
TreatMilkChocolateBar129.jpg,TreatMilkChocolateBar,45,Treat Sweets Bangladesh,235
TreatMilkChocolateBar130.jpg,TreatMilkChocolateBar,45,Treat Sweets Bangladesh,235
TreatMilkChocolateBar131.jpg,TreatMilkChocolateBar,45,Treat Sweets Bangladesh,235
TreatMilkChocolateBar132.jpg,TreatMilkChocolateBar,45,Treat Sweets Bangladesh,235
TreatMilkChocolateBar133.jpg,TreatMilkChocolateBar,45,Treat Sweets Bangladesh,235
TreatMilkChocolateBar134.jpg,TreatMilkChocolateBar,45,Treat Sweets Bangladesh,235
TreatMilkChocolateBar135.jpg,TreatMilkChocolateBar,45,Treat Sweets Bangladesh,235
TreatMilkChocolateBar136.jpg,TreatMilkChocolateBar,45,Treat Sweets Bangladesh,235
TreatMilkChocolateBar137.jpg,TreatMilkChocolateBar,45,Treat Sweets Bangladesh,235
TreatMilkChocolateBar138.jpg,TreatMilkChocolateBar,45,Treat Sweets Bangladesh,235
TreatMilkChocolateBar139.jpg,TreatMilkChocolateBar,45,Treat Sweets Bangladesh,235
TreatMilkChocolateBar140.jpg,TreatMilkChocolateBar,45,Treat Sweets Bangladesh,235
TreatMilkChocolateBar141.jpg,TreatMilkChocolateBar,45,Treat Sweets Bangladesh,235
TreatMilkChocolateBar142.jpg,TreatMilkChocolateBar,45,Treat Sweets Bangladesh,235
TreatMilkChocolateBar143.jpg,TreatMilkChocolateBar,45,Treat Sweets Bangladesh,235
TreatMilkChocolateBar144.jpg,TreatMilkChocolateBar,45,Treat Sweets Bangladesh,235
TreatMilkChocolateBar145.jpg,TreatMilkChocolateBar,45,Treat Sweets Bangladesh,235
TreatMilkChocolateBar146.jpg,TreatMilkChocolateBar,45,Treat Sweets Bangladesh,235
TreatMilkChocolateBar147.jpg,TreatMilkChocolateBar,45,Treat Sweets Bangladesh,235
TreatMilkChocolateBar148.jpg,TreatMilkChocolateBar,45,Treat Sweets Bangladesh,235
TreatMilkChocolateBar149.jpg,TreatMilkChocolateBar,45,Treat Sweets Bangladesh,235
TreatMilkChocolateBar150.jpg,TreatMilkChocolateBar,45,Treat Sweets Bangladesh,235
TreatMilkChocolateBar151.jpg,TreatMilkChocolateBar,45,Treat Sweets Bangladesh,235
TreatMilkChocolateBar152.jpg,TreatMilkChocolateBar,45,Treat Sweets Bangladesh,235
TreatMilkChocolateBar153.jpg,TreatMilkChocolateBar,45,Treat Sweets Bangladesh,235
TreatMilkChocolateBar154.jpg,TreatMilkChocolateBar,45,Treat Sweets Bangladesh,235
TreatMilkChocolateBar155.jpg,TreatMilkChocolateBar,45,Treat Sweets Bangladesh,235
TreatMilkChocolateBar156.jpg,TreatMilkChocolateBar,45,Treat Sweets Bangladesh,235
TreatMilkChocolateBar157.jpg,TreatMilkChocolateBar,45,Treat Sweets Bangladesh,235
TreatMilkChocolateBar158.jpg,TreatMilkChocolateBar,45,Treat Sweets Bangladesh,235
TreatMilkChocolateBar159.jpg,TreatMilkChocolateBar,45,Treat Sweets Bangladesh,235
TreatMilkChocolateBar160.jpg,TreatMilkChocolateBar,45,Treat Sweets Bangladesh,235
TreatMilkChocolateBar161.jpg,TreatMilkChocolateBar,45,Treat Sweets Bangladesh,235
TreatMilkChocolateBar162.jpg,TreatMilkChocolateBar,45,Treat Sweets Bangladesh,235
TreatMilkChocolateBar163.jpg,TreatMilkChocolateBar,45,Treat Sweets Bangladesh,235
TreatMilkChocolateBar164.jpg,TreatMilkChocolateBar,45,Treat Sweets Bangladesh,235
TreatMilkChocolateBar165.jpg,TreatMilkChocolateBar,45,Treat Sweets Bangladesh,235
TreatMilkChocolateBar166.jpg,TreatMilkChocolateBar,45,Treat Sweets Bangladesh,235
TreatMilkChocolateBar167.jpg,TreatMilkChocolateBar,45,Treat Sweets Bangladesh,235
TreatMilkChocolateBar168.jpg,TreatMilkChocolateBar,45,Treat Sweets Bangladesh,235
TreatMilkChocolateBar169.jpg,TreatMilkChocolateBar,45,Treat Sweets Bangladesh,235
TreatMilkChocolateBar170.jpg,TreatMilkChocolateBar,45,Treat Sweets Bangladesh,235
TreatMilkChocolateBar171.jpg,TreatMilkChocolateBar,45,Treat Sweets Bangladesh,235
TreatMilkChocolateBar172.jpg,TreatMilkChocolateBar,45,Treat Sweets Bangladesh,235
TreatMilkChocolateBar173.jpg,TreatMilkChocolateBar,45,Treat Sweets Bangladesh,235
TreatMilkChocolateBar174.jpg,TreatMilkChocolateBar,45,Treat Sweets Bangladesh,235
TreatMilkChocolateBar175.jpg,TreatMilkChocolateBar,45,Treat Sweets Bangladesh,235
TreatMilkChocolateBar176.jpg,TreatMilkChocolateBar,45,Treat Sweets Bangladesh,235
TreatMilkChocolateBar177.jpg,TreatMilkChocolateBar,45,Treat Sweets Bangladesh,235
TreatMilkChocolateBar178.jpg,TreatMilkChocolateBar,45,Treat Sweets Bangladesh,235
TreatMilkChocolateBar179.jpg,TreatMilkChocolateBar,45,Treat Sweets Bangladesh,235
TreatMilkChocolateBar180.jpg,TreatMilkChocolateBar,45,Treat Sweets Bangladesh,235
TreatMilkChocolateBar181.jpg,TreatMilkChocolateBar,45,Treat Sweets Bangladesh,235
TreatMilkChocolateBar182.jpg,TreatMilkChocolateBar,45,Treat Sweets Bangladesh,235
TreatMilkChocolateBar183.jpg,TreatMilkChocolateBar,45,Treat Sweets Bangladesh,235
TreatMilkChocolateBar184.jpg,TreatMilkChocolateBar,45,Treat Sweets Bangladesh,235
TreatMilkChocolateBar185.jpg,TreatMilkChocolateBar,45,Treat Sweets Bangladesh,235
TreatMilkChocolateBar186.jpg,TreatMilkChocolateBar,45,Treat Sweets Bangladesh,235
TreatMilkChocolateBar187.jpg,TreatMilkChocolateBar,45,Treat Sweets Bangladesh,235
TreatMilkChocolateBar188.jpg,TreatMilkChocolateBar,45,Treat Sweets Bangladesh,235
TreatMilkChocolateBar189.jpg,TreatMilkChocolateBar,45,Treat Sweets Bangladesh,235
TreatMilkChocolateBar190.jpg,TreatMilkChocolateBar,45,Treat Sweets Bangladesh,235
TreatMilkChocolateBar191.jpg,TreatMilkChocolateBar,45,Treat Sweets Bangladesh,235
TreatMilkChocolateBar192.jpg,TreatMilkChocolateBar,45,Treat Sweets Bangladesh,235
TreatMilkChocolateBar193.jpg,TreatMilkChocolateBar,45,Treat Sweets Bangladesh,235
TreatMilkChocolateBar194.jpg,TreatMilkChocolateBar,45,Treat Sweets Bangladesh,235
TreatMilkChocolateBar195.jpg,TreatMilkChocolateBar,45,Treat Sweets Bangladesh,235
TreatMilkChocolateBar196.jpg,TreatMilkChocolateBar,45,Treat Sweets Bangladesh,235
TreatMilkChocolateBar197.jpg,TreatMilkChocolateBar,45,Treat Sweets Bangladesh,235
TreatMilkChocolateBar198.jpg,TreatMilkChocolateBar,45,Treat Sweets Bangladesh,235
TreatMilkChocolateBar199.jpg,TreatMilkChocolateBar,45,Treat Sweets Bangladesh,235
TreatMilkChocolateBar200.jpg,TreatMilkChocolateBar,45,Treat Sweets Bangladesh,235
TreatMilkyBar001.jpg,TreatMilkyBar,42,Treat Sweets Bangladesh,215
TreatMilkyBar002.jpg,TreatMilkyBar,42,Treat Sweets Bangladesh,215
TreatMilkyBar003.jpg,TreatMilkyBar,42,Treat Sweets Bangladesh,215
TreatMilkyBar004.jpg,TreatMilkyBar,42,Treat Sweets Bangladesh,215
TreatMilkyBar005.jpg,TreatMilkyBar,42,Treat Sweets Bangladesh,215
TreatMilkyBar006.jpg,TreatMilkyBar,42,Treat Sweets Bangladesh,215
TreatMilkyBar007.jpg,TreatMilkyBar,42,Treat Sweets Bangladesh,215
TreatMilkyBar008.jpg,TreatMilkyBar,42,Treat Sweets Bangladesh,215
TreatMilkyBar009.jpg,TreatMilkyBar,42,Treat Sweets Bangladesh,215
TreatMilkyBar010.jpg,TreatMilkyBar,42,Treat Sweets Bangladesh,215
TreatMilkyBar011.jpg,TreatMilkyBar,42,Treat Sweets Bangladesh,215
TreatMilkyBar012.jpg,TreatMilkyBar,42,Treat Sweets Bangladesh,215
TreatMilkyBar013.jpg,TreatMilkyBar,42,Treat Sweets Bangladesh,215
TreatMilkyBar014.jpg,TreatMilkyBar,42,Treat Sweets Bangladesh,215
TreatMilkyBar015.jpg,TreatMilkyBar,42,Treat Sweets Bangladesh,215
TreatMilkyBar016.jpg,TreatMilkyBar,42,Treat Sweets Bangladesh,215
TreatMilkyBar017.jpg,TreatMilkyBar,42,Treat Sweets Bangladesh,215
TreatMilkyBar018.jpg,TreatMilkyBar,42,Treat Sweets Bangladesh,215
TreatMilkyBar019.jpg,TreatMilkyBar,42,Treat Sweets Bangladesh,215
TreatMilkyBar020.jpg,TreatMilkyBar,42,Treat Sweets Bangladesh,215
TreatMilkyBar021.jpg,TreatMilkyBar,42,Treat Sweets Bangladesh,215
TreatMilkyBar022.jpg,TreatMilkyBar,42,Treat Sweets Bangladesh,215
TreatMilkyBar023.jpg,TreatMilkyBar,42,Treat Sweets Bangladesh,215
TreatMilkyBar024.jpg,TreatMilkyBar,42,Treat Sweets Bangladesh,215
TreatMilkyBar025.jpg,TreatMilkyBar,42,Treat Sweets Bangladesh,215
TreatMilkyBar026.jpg,TreatMilkyBar,42,Treat Sweets Bangladesh,215
TreatMilkyBar027.jpg,TreatMilkyBar,42,Treat Sweets Bangladesh,215
TreatMilkyBar028.jpg,TreatMilkyBar,42,Treat Sweets Bangladesh,215
TreatMilkyBar029.jpg,TreatMilkyBar,42,Treat Sweets Bangladesh,215
TreatMilkyBar030.jpg,TreatMilkyBar,42,Treat Sweets Bangladesh,215
TreatMilkyBar031.jpg,TreatMilkyBar,42,Treat Sweets Bangladesh,215
TreatMilkyBar032.jpg,TreatMilkyBar,42,Treat Sweets Bangladesh,215
TreatMilkyBar033.jpg,TreatMilkyBar,42,Treat Sweets Bangladesh,215
TreatMilkyBar034.jpg,TreatMilkyBar,42,Treat Sweets Bangladesh,215
TreatMilkyBar035.jpg,TreatMilkyBar,42,Treat Sweets Bangladesh,215
TreatMilkyBar036.jpg,TreatMilkyBar,42,Treat Sweets Bangladesh,215
TreatMilkyBar037.jpg,TreatMilkyBar,42,Treat Sweets Bangladesh,215
TreatMilkyBar038.jpg,TreatMilkyBar,42,Treat Sweets Bangladesh,215
TreatMilkyBar039.jpg,TreatMilkyBar,42,Treat Sweets Bangladesh,215
TreatMilkyBar040.jpg,TreatMilkyBar,42,Treat Sweets Bangladesh,215
TreatMilkyBar041.jpg,TreatMilkyBar,42,Treat Sweets Bangladesh,215
TreatMilkyBar042.jpg,TreatMilkyBar,42,Treat Sweets Bangladesh,215
TreatMilkyBar043.jpg,TreatMilkyBar,42,Treat Sweets Bangladesh,215
TreatMilkyBar044.jpg,TreatMilkyBar,42,Treat Sweets Bangladesh,215
TreatMilkyBar045.jpg,TreatMilkyBar,42,Treat Sweets Bangladesh,215
TreatMilkyBar046.jpg,TreatMilkyBar,42,Treat Sweets Bangladesh,215
TreatMilkyBar047.jpg,TreatMilkyBar,42,Treat Sweets Bangladesh,215
TreatMilkyBar048.jpg,TreatMilkyBar,42,Treat Sweets Bangladesh,215
TreatMilkyBar049.jpg,TreatMilkyBar,42,Treat Sweets Bangladesh,215
TreatMilkyBar050.jpg,TreatMilkyBar,42,Treat Sweets Bangladesh,215
TreatMilkyBar051.jpg,TreatMilkyBar,42,Treat Sweets Bangladesh,215
TreatMilkyBar052.jpg,TreatMilkyBar,42,Treat Sweets Bangladesh,215
TreatMilkyBar053.jpg,TreatMilkyBar,42,Treat Sweets Bangladesh,215
TreatMilkyBar054.jpg,TreatMilkyBar,42,Treat Sweets Bangladesh,215
TreatMilkyBar055.jpg,TreatMilkyBar,42,Treat Sweets Bangladesh,215
TreatMilkyBar056.jpg,TreatMilkyBar,42,Treat Sweets Bangladesh,215
TreatMilkyBar057.jpg,TreatMilkyBar,42,Treat Sweets Bangladesh,215
TreatMilkyBar058.jpg,TreatMilkyBar,42,Treat Sweets Bangladesh,215
TreatMilkyBar059.jpg,TreatMilkyBar,42,Treat Sweets Bangladesh,215
TreatMilkyBar060.jpg,TreatMilkyBar,42,Treat Sweets Bangladesh,215
TreatMilkyBar061.jpg,TreatMilkyBar,42,Treat Sweets Bangladesh,215
TreatMilkyBar062.jpg,TreatMilkyBar,42,Treat Sweets Bangladesh,215
TreatMilkyBar063.jpg,TreatMilkyBar,42,Treat Sweets Bangladesh,215
TreatMilkyBar064.jpg,TreatMilkyBar,42,Treat Sweets Bangladesh,215
TreatMilkyBar065.jpg,TreatMilkyBar,42,Treat Sweets Bangladesh,215
TreatMilkyBar066.jpg,TreatMilkyBar,42,Treat Sweets Bangladesh,215
TreatMilkyBar067.jpg,TreatMilkyBar,42,Treat Sweets Bangladesh,215
TreatMilkyBar068.jpg,TreatMilkyBar,42,Treat Sweets Bangladesh,215
TreatMilkyBar069.jpg,TreatMilkyBar,42,Treat Sweets Bangladesh,215
TreatMilkyBar070.jpg,TreatMilkyBar,42,Treat Sweets Bangladesh,215
TreatMilkyBar071.jpg,TreatMilkyBar,42,Treat Sweets Bangladesh,215
TreatMilkyBar072.jpg,TreatMilkyBar,42,Treat Sweets Bangladesh,215
TreatMilkyBar073.jpg,TreatMilkyBar,42,Treat Sweets Bangladesh,215
TreatMilkyBar074.jpg,TreatMilkyBar,42,Treat Sweets Bangladesh,215
TreatMilkyBar075.jpg,TreatMilkyBar,42,Treat Sweets Bangladesh,215
TreatMilkyBar076.jpg,TreatMilkyBar,42,Treat Sweets Bangladesh,215
TreatMilkyBar077.jpg,TreatMilkyBar,42,Treat Sweets Bangladesh,215
TreatMilkyBar078.jpg,TreatMilkyBar,42,Treat Sweets Bangladesh,215
TreatMilkyBar079.jpg,TreatMilkyBar,42,Treat Sweets Bangladesh,215
TreatMilkyBar080.jpg,TreatMilkyBar,42,Treat Sweets Bangladesh,215
TreatMilkyBar081.jpg,TreatMilkyBar,42,Treat Sweets Bangladesh,215
TreatMilkyBar082.jpg,TreatMilkyBar,42,Treat Sweets Bangladesh,215
TreatMilkyBar083.jpg,TreatMilkyBar,42,Treat Sweets Bangladesh,215
TreatMilkyBar084.jpg,TreatMilkyBar,42,Treat Sweets Bangladesh,215
TreatMilkyBar085.jpg,TreatMilkyBar,42,Treat Sweets Bangladesh,215
TreatMilkyBar086.jpg,TreatMilkyBar,42,Treat Sweets Bangladesh,215
TreatMilkyBar087.jpg,TreatMilkyBar,42,Treat Sweets Bangladesh,215
TreatMilkyBar088.jpg,TreatMilkyBar,42,Treat Sweets Bangladesh,215
TreatMilkyBar089.jpg,TreatMilkyBar,42,Treat Sweets Bangladesh,215
TreatMilkyBar090.jpg,TreatMilkyBar,42,Treat Sweets Bangladesh,215
TreatMilkyBar091.jpg,TreatMilkyBar,42,Treat Sweets Bangladesh,215
TreatMilkyBar092.jpg,TreatMilkyBar,42,Treat Sweets Bangladesh,215
TreatMilkyBar093.jpg,TreatMilkyBar,42,Treat Sweets Bangladesh,215
TreatMilkyBar094.jpg,TreatMilkyBar,42,Treat Sweets Bangladesh,215
TreatMilkyBar095.jpg,TreatMilkyBar,42,Treat Sweets Bangladesh,215
TreatMilkyBar096.jpg,TreatMilkyBar,42,Treat Sweets Bangladesh,215
TreatMilkyBar097.jpg,TreatMilkyBar,42,Treat Sweets Bangladesh,215
TreatMilkyBar098.jpg,TreatMilkyBar,42,Treat Sweets Bangladesh,215
TreatMilkyBar099.jpg,TreatMilkyBar,42,Treat Sweets Bangladesh,215
TreatMilkyBar100.jpg,TreatMilkyBar,42,Treat Sweets Bangladesh,215
TreatMilkyBar101.jpg,TreatMilkyBar,42,Treat Sweets Bangladesh,215
TreatMilkyBar102.jpg,TreatMilkyBar,42,Treat Sweets Bangladesh,215
TreatMilkyBar103.jpg,TreatMilkyBar,42,Treat Sweets Bangladesh,215
TreatMilkyBar104.jpg,TreatMilkyBar,42,Treat Sweets Bangladesh,215
TreatMilkyBar105.jpg,TreatMilkyBar,42,Treat Sweets Bangladesh,215
TreatMilkyBar106.jpg,TreatMilkyBar,42,Treat Sweets Bangladesh,215
TreatMilkyBar107.jpg,TreatMilkyBar,42,Treat Sweets Bangladesh,215
TreatMilkyBar108.jpg,TreatMilkyBar,42,Treat Sweets Bangladesh,215
TreatMilkyBar109.jpg,TreatMilkyBar,42,Treat Sweets Bangladesh,215
TreatMilkyBar110.jpg,TreatMilkyBar,42,Treat Sweets Bangladesh,215
TreatMilkyBar111.jpg,TreatMilkyBar,42,Treat Sweets Bangladesh,215
TreatMilkyBar112.jpg,TreatMilkyBar,42,Treat Sweets Bangladesh,215
TreatMilkyBar113.jpg,TreatMilkyBar,42,Treat Sweets Bangladesh,215
TreatMilkyBar114.jpg,TreatMilkyBar,42,Treat Sweets Bangladesh,215
TreatMilkyBar115.jpg,TreatMilkyBar,42,Treat Sweets Bangladesh,215
TreatMilkyBar116.jpg,TreatMilkyBar,42,Treat Sweets Bangladesh,215
TreatMilkyBar117.jpg,TreatMilkyBar,42,Treat Sweets Bangladesh,215
TreatMilkyBar118.jpg,TreatMilkyBar,42,Treat Sweets Bangladesh,215
TreatMilkyBar119.jpg,TreatMilkyBar,42,Treat Sweets Bangladesh,215
TreatMilkyBar120.jpg,TreatMilkyBar,42,Treat Sweets Bangladesh,215
TreatMilkyBar121.jpg,TreatMilkyBar,42,Treat Sweets Bangladesh,215
TreatMilkyBar122.jpg,TreatMilkyBar,42,Treat Sweets Bangladesh,215
TreatMilkyBar123.jpg,TreatMilkyBar,42,Treat Sweets Bangladesh,215
TreatMilkyBar124.jpg,TreatMilkyBar,42,Treat Sweets Bangladesh,215
TreatMilkyBar125.jpg,TreatMilkyBar,42,Treat Sweets Bangladesh,215
TreatMilkyBar126.jpg,TreatMilkyBar,42,Treat Sweets Bangladesh,215
TreatMilkyBar127.jpg,TreatMilkyBar,42,Treat Sweets Bangladesh,215
TreatMilkyBar128.jpg,TreatMilkyBar,42,Treat Sweets Bangladesh,215
TreatMilkyBar129.jpg,TreatMilkyBar,42,Treat Sweets Bangladesh,215
TreatMilkyBar130.jpg,TreatMilkyBar,42,Treat Sweets Bangladesh,215
TreatMilkyBar131.jpg,TreatMilkyBar,42,Treat Sweets Bangladesh,215
TreatMilkyBar132.jpg,TreatMilkyBar,42,Treat Sweets Bangladesh,215
TreatMilkyBar133.jpg,TreatMilkyBar,42,Treat Sweets Bangladesh,215
TreatMilkyBar134.jpg,TreatMilkyBar,42,Treat Sweets Bangladesh,215
TreatMilkyBar135.jpg,TreatMilkyBar,42,Treat Sweets Bangladesh,215
TreatMilkyBar136.jpg,TreatMilkyBar,42,Treat Sweets Bangladesh,215
TreatMilkyBar137.jpg,TreatMilkyBar,42,Treat Sweets Bangladesh,215
TreatMilkyBar138.jpg,TreatMilkyBar,42,Treat Sweets Bangladesh,215
TreatMilkyBar139.jpg,TreatMilkyBar,42,Treat Sweets Bangladesh,215
TreatMilkyBar140.jpg,TreatMilkyBar,42,Treat Sweets Bangladesh,215
TreatMilkyBar141.jpg,TreatMilkyBar,42,Treat Sweets Bangladesh,215
TreatMilkyBar142.jpg,TreatMilkyBar,42,Treat Sweets Bangladesh,215
TreatMilkyBar143.jpg,TreatMilkyBar,42,Treat Sweets Bangladesh,215
TreatMilkyBar144.jpg,TreatMilkyBar,42,Treat Sweets Bangladesh,215
TreatMilkyBar145.jpg,TreatMilkyBar,42,Treat Sweets Bangladesh,215
TreatMilkyBar146.jpg,TreatMilkyBar,42,Treat Sweets Bangladesh,215
TreatMilkyBar147.jpg,TreatMilkyBar,42,Treat Sweets Bangladesh,215
TreatMilkyBar148.jpg,TreatMilkyBar,42,Treat Sweets Bangladesh,215
TreatMilkyBar149.jpg,TreatMilkyBar,42,Treat Sweets Bangladesh,215
TreatMilkyBar150.jpg,TreatMilkyBar,42,Treat Sweets Bangladesh,215
TreatMilkyBar151.jpg,TreatMilkyBar,42,Treat Sweets Bangladesh,215
TreatMilkyBar152.jpg,TreatMilkyBar,42,Treat Sweets Bangladesh,215
TreatMilkyBar153.jpg,TreatMilkyBar,42,Treat Sweets Bangladesh,215
TreatMilkyBar154.jpg,TreatMilkyBar,42,Treat Sweets Bangladesh,215
TreatMilkyBar155.jpg,TreatMilkyBar,42,Treat Sweets Bangladesh,215
TreatMilkyBar156.jpg,TreatMilkyBar,42,Treat Sweets Bangladesh,215
TreatMilkyBar157.jpg,TreatMilkyBar,42,Treat Sweets Bangladesh,215
TreatMilkyBar158.jpg,TreatMilkyBar,42,Treat Sweets Bangladesh,215
TreatMilkyBar159.jpg,TreatMilkyBar,42,Treat Sweets Bangladesh,215
TreatMilkyBar160.jpg,TreatMilkyBar,42,Treat Sweets Bangladesh,215
TreatMilkyBar161.jpg,TreatMilkyBar,42,Treat Sweets Bangladesh,215
TreatMilkyBar162.jpg,TreatMilkyBar,42,Treat Sweets Bangladesh,215
TreatMilkyBar163.jpg,TreatMilkyBar,42,Treat Sweets Bangladesh,215
TreatMilkyBar164.jpg,TreatMilkyBar,42,Treat Sweets Bangladesh,215
TreatMilkyBar165.jpg,TreatMilkyBar,42,Treat Sweets Bangladesh,215
TreatMilkyBar166.jpg,TreatMilkyBar,42,Treat Sweets Bangladesh,215
TreatMilkyBar167.jpg,TreatMilkyBar,42,Treat Sweets Bangladesh,215
TreatMilkyBar168.jpg,TreatMilkyBar,42,Treat Sweets Bangladesh,215
TreatMilkyBar169.jpg,TreatMilkyBar,42,Treat Sweets Bangladesh,215
TreatMilkyBar170.jpg,TreatMilkyBar,42,Treat Sweets Bangladesh,215
TreatMilkyBar171.jpg,TreatMilkyBar,42,Treat Sweets Bangladesh,215
TreatMilkyBar172.jpg,TreatMilkyBar,42,Treat Sweets Bangladesh,215
TreatMilkyBar173.jpg,TreatMilkyBar,42,Treat Sweets Bangladesh,215
TreatMilkyBar174.jpg,TreatMilkyBar,42,Treat Sweets Bangladesh,215
TreatMilkyBar175.jpg,TreatMilkyBar,42,Treat Sweets Bangladesh,215
TreatMilkyBar176.jpg,TreatMilkyBar,42,Treat Sweets Bangladesh,215
TreatMilkyBar177.jpg,TreatMilkyBar,42,Treat Sweets Bangladesh,215
TreatMilkyBar178.jpg,TreatMilkyBar,42,Treat Sweets Bangladesh,215
TreatMilkyBar179.jpg,TreatMilkyBar,42,Treat Sweets Bangladesh,215
TreatMilkyBar180.jpg,TreatMilkyBar,42,Treat Sweets Bangladesh,215
TreatMilkyBar181.jpg,TreatMilkyBar,42,Treat Sweets Bangladesh,215
TreatMilkyBar182.jpg,TreatMilkyBar,42,Treat Sweets Bangladesh,215
TreatMilkyBar183.jpg,TreatMilkyBar,42,Treat Sweets Bangladesh,215
TreatMilkyBar184.jpg,TreatMilkyBar,42,Treat Sweets Bangladesh,215
TreatMilkyBar185.jpg,TreatMilkyBar,42,Treat Sweets Bangladesh,215
TreatMilkyBar186.jpg,TreatMilkyBar,42,Treat Sweets Bangladesh,215
TreatMilkyBar187.jpg,TreatMilkyBar,42,Treat Sweets Bangladesh,215
TreatMilkyBar188.jpg,TreatMilkyBar,42,Treat Sweets Bangladesh,215
TreatMilkyBar189.jpg,TreatMilkyBar,42,Treat Sweets Bangladesh,215
TreatMilkyBar190.jpg,TreatMilkyBar,42,Treat Sweets Bangladesh,215
TreatMilkyBar191.jpg,TreatMilkyBar,42,Treat Sweets Bangladesh,215
TreatMilkyBar192.jpg,TreatMilkyBar,42,Treat Sweets Bangladesh,215
TreatMilkyBar193.jpg,TreatMilkyBar,42,Treat Sweets Bangladesh,215
TreatMilkyBar194.jpg,TreatMilkyBar,42,Treat Sweets Bangladesh,215
TreatMilkyBar195.jpg,TreatMilkyBar,42,Treat Sweets Bangladesh,215
TreatMilkyBar196.jpg,TreatMilkyBar,42,Treat Sweets Bangladesh,215
TreatMilkyBar197.jpg,TreatMilkyBar,42,Treat Sweets Bangladesh,215
TreatMilkyBar198.jpg,TreatMilkyBar,42,Treat Sweets Bangladesh,215
TreatMilkyBar199.jpg,TreatMilkyBar,42,Treat Sweets Bangladesh,215
TreatMilkyBar200.jpg,TreatMilkyBar,42,Treat Sweets Bangladesh,215
